seller_id,delivered_orders,late_orders,revenue,avg_review_score,late_rate,seller_city,seller_state
59b22a78efb79a4797979612b885db36,125,16,27184.5,3.98,0.128,uberlandia,MG
afe0067131b73e40875c9b6c10bd2e21,45,2,5040.5,4.27,0.0444,lagoa da prata,MG
e59aa562b9f8076dd550fcddf0e73491,69,7,30716.3,4.26,0.1014,curitiba,PR
da8622b14eb17ae2831f4ac5b9dab84a,1311,100,159816.87,4.18,0.0763,piracicaba,SP
d98eec89afa3380e14463da2aabaea72,168,4,6968.53,4.34,0.0238,porto alegre,RS
77530e9772f57a62c906e1c21538ab82,312,36,45676.6,4.15,0.1154,curitiba,PR
1cbd32d00d01bb8087a5eb088612fd9c,11,1,1045.47,4.18,0.0909,sp / sp,SP
bbd3acfe6de99892e73940d3fdceaf68,2,0,69.0,3.0,0.0,santo andre,SP
834f3294fba9f932f56edc879193f925,66,4,39907.5,4.55,0.0606,araraquara,SP
efcd8d2104f1a05d028af7bad20d974b,46,1,2384.79,4.2,0.0217,aracatuba,SP
ec8879960bd2221d5c32f8e12f7da711,35,6,3957.5,4.29,0.1714,itatiba,SP
113e3a788b935f48aad63e1c41dac1bd,39,2,847.35,4.32,0.0513,aparecida,SP
37515688008a7a40ac93e3b2e4ab203f,227,23,5954.1,4.1,0.1013,dracena,SP
259f7b5e6e482c230e5bfaa670b6bb8f,136,3,8393.14,4.36,0.0221,poa,SP
e26901d5ab434ce92fd9b5c256820a4e,197,5,11601.5,4.2,0.0254,maua,SP
725af026f869236a8dd0ceb98564d156,5,0,810.72,4.4,0.0,claudio,MG
1d4587203296c8f4ad134dc286fa6db0,40,2,2287.5,4.35,0.05,sao paulo,SP
5f2684dab12e59f83bef73ae57724e45,67,4,8870.97,3.79,0.0597,sao paulo,SP
dee656f0f566ed1aa85bd137c943f08f,92,5,6212.08,4.37,0.0543,cruzeiro,SP
d23019c84ffae2d5ef2270367b8605fc,39,1,29205.1,4.41,0.0256,londrina,PR
a36b125ac6d5fdbc7f50de85c9157bdc,23,3,1793.65,3.96,0.1304,ribeirao preto,SP
bf100ecb7997df312b285358fb32f92c,20,0,1991.9,4.44,0.0,sao jose dos pinhais,PR
850f4f8af5ea87287ac68de36e29107f,186,12,45285.37,4.3,0.0645,sao paulo,SP
fa3a0b5aabb344b9a92e3524b0202123,7,1,1789.0,4.14,0.1429,sao jose dos pinhais,SP
17a053fcb14bd219540cbde0df490be0,124,10,40353.24,4.25,0.0806,mogi guacu,SP
0ea22c1cfbdc755f86b9b54b39c16043,234,4,10592.1,4.41,0.0171,sete lagoas,MG
a49928bcdf77c55c6d6e05e09a9b4ca5,96,25,8646.9,3.03,0.2604,sao paulo,SP
b14db04aa7881970e83ffa9426897925,78,9,5595.9,3.77,0.1154,sorocaba,SP
02c988090b766852e088c69d7fb3b551,12,0,1564.37,4.58,0.0,americana,SP
f435898e493ba0356019a0b1cb8b55b1,10,0,649.76,4.4,0.0,curitiba,PR
0db783cfcd3b73998abc6e10e59a102f,132,5,9077.4,4.21,0.0379,santos,SP
b94cc9f10ddc85e4ba73a6f7974e7101,39,3,25346.1,4.3,0.0769,macae,RJ
1b8356dabde1d35e17cef975c3f82730,55,1,3366.4,4.22,0.0182,sao paulo,SP
0691148aee60ca47977c187804f935ae,47,1,5868.51,4.18,0.0213,londrina,PR
1838dd9b8977065acf51d95e0053ea7a,62,3,2750.5,4.37,0.0484,belo horizonte,MG
4da0e408c99d2fdc2126dc9fce518060,44,0,3026.0,4.41,0.0,cornelio procopio,PR
ea566164622c6b439516ab18062c42cd,50,11,10309.42,3.78,0.22,sao  paulo,SP
c8025364abeecb115431bf95c11a747f,2,1,928.0,4.5,0.5,porto alegre,RS
a9415cf907dfa12f9ed18693244f5329,1,0,210.0,5.0,0.0,prados,MG
b1204cfda1d4948679db3cfc0d3cb95c,6,0,411.2,4.33,0.0,guarulhos,SP
4bf2f4ee540798a61f9636d12cd9cc80,29,1,4995.56,4.14,0.0345,assis,SP
d94a40fd42351c259927028d163af842,100,4,13674.8,4.21,0.04,baependi,MG
276677b5d08786d5dce7c2149dcce48b,31,3,3424.2,4.03,0.0968,belo horizonte,MG
23613d49c3ac2bd302259e55c06c050c,69,10,4193.1,3.87,0.1449,porto ferreira,SP
3bb548e3cb7f70f28e3f11ee9dce0e59,46,0,7690.02,4.2,0.0,maringa,PR
bccf933e006e9b94a6184af782963e77,45,1,4162.74,4.52,0.0222,assis,SP
f63d8f293af3a6454377546bd9dd19ff,17,2,1751.82,4.47,0.1176,votorantim,SP
d13e50eaa47b4cbe9eb81465865d8cfc,66,14,7073.05,4.82,0.2121,santo andre,SP
253c025bab43881055aeecde5e2d8b77,2,1,94.82,4.5,0.5,curitiba,PR
8f580d36c1e9d6fbce95283403c7d447,8,1,4813.25,4.38,0.125,ribeirao preto,SP
49067458c68f7701fd334ce326accbe0,17,1,1047.65,3.35,0.0588,juiz de fora,MG
81783131d2a97c8d44d406a4be81b5d9,8,1,761.84,4.5,0.125,sorocaba,SP
977f9f63dd360c2a32ece2f93ad6d306,23,3,2730.07,3.87,0.1304,tabatinga,SP
aded58c8142dedc5494a81f948431fab,4,0,289.5,3.75,0.0,rio de janeiro,RJ
9f50216bfd01913736a55a11b55ea842,17,3,1354.0,4.41,0.1765,taubate,SP
cac876b37d3abcd6bd76caca30277996,27,1,2229.77,4.46,0.037,cascavel,PR
9baf5cb77970f539089d09a38bcec5c3,31,0,5989.68,4.42,0.0,indaiatuba,SP
9c068d10aca38e85c50202e17b4a7e88,17,3,2658.9,4.13,0.1765,coxim,MS
30a81d8cf85fb2ada1b1b094c9583a95,17,0,1245.42,4.82,0.0,sao paulo,SP
610f72e407cdd7caaa2f8167b0163fd8,16,2,13585.16,3.63,0.125,sao paulo,SP
165fc07beebdcb6190fba8a06db2a449,50,6,17481.4,3.8,0.12,maringa,PR
5c853bb56f70f4d14218944bae111d7a,23,0,263.13,4.0,0.0,cotia,SP
432c37c9dfba871172ec162e20118b8c,44,4,2679.87,4.25,0.0909,brasilia,DF
2063dd1b9f568df1c16741ea7d3e6adb,3,0,763.1,5.0,0.0,guarapuava,PR
f12ff17ad8bbf01ec5c33b17e506649b,28,3,6101.0,3.86,0.1071,sao paulo,SP
e7d5b006eb624f13074497221eb37807,28,2,3478.93,3.93,0.0714,santo andre,SP
f1fd5ab1181f827ffad998c1a5de7d74,15,0,7045.99,4.67,0.0,curitiba,PR
b3f19518fcec265b2e97af287725f981,8,0,444.92,4.38,0.0,tanabi,SP
78744a20ee2f80ba64f6804c25def2b8,6,1,2715.0,4.17,0.1667,recife,PE
a3082f442524a1be452e3189e003b361,3,0,301.6,4.33,0.0,curitiba,SP
0afccdb8a34ee5c79f7c06faf2b4d56e,24,2,1185.6,4.09,0.0833,uberlandia,MG
5b2e94f2c22b39ccc24d34ad0f669672,10,1,949.78,4.9,0.1,sao paulo,SP
3dfd3dc96f7f8598eca74e9ac8a2fa31,6,1,183.0,4.0,0.1667,sao paulo,SP
1987cd4be10fe09ee50454f9c354d1c6,14,1,2877.7,4.36,0.0714,ouro fino,MG
42ef3192a9ff87a22d1867b74b3ee205,23,0,1354.09,4.65,0.0,santo andre,SP
04aba03279157f6d4e0fe8ccaf21963c,15,1,2416.0,4.53,0.0667,santo antonio de padua,RJ
42bde9fef835393bb8a8849cb6b7f245,34,1,7574.0,4.35,0.0294,brasilia,DF
542917da124346b47ea1ac79a93ce454,20,1,1303.9,4.15,0.05,curitiba,PR
9596c870880d900012f2e8e6e30d06d7,21,1,7625.35,4.29,0.0476,varginha,MG
ffeee66ac5d5a62fe688b9d26f83f534,14,2,1839.86,4.21,0.1429,mirassol,SP
77e4abfd739aed9c46480f90f81c0eb4,18,0,3736.99,4.78,0.0,brasilia,DF
3ded4e2d5f135cb103e5949d7263d2dd,1,0,49.9,5.0,0.0,pouso alegre,MG
c1ed9e3daf6154542826a6996af0fb8c,8,1,757.5,4.25,0.125,itajai,SC
9a84ba99f5367fdbd4598363496f1ea2,15,0,2223.38,3.8,0.0,luziania,GO
656591be56071d4c9ef4e5fee78a578a,7,2,1702.0,4.57,0.2857,santo andre,SP
866558b3bccef2dbc6d29a2b5995016f,5,0,1519.4,4.8,0.0,arapongas,PR
70c4eedec9cb4a85cda2f3f9673557b4,1,0,239.9,5.0,0.0,sao paulo,SP
bc2ac6b95e1accce9858528ee566c17e,18,0,2045.0,4.56,0.0,campinas,SP
0b18d63d0cd1d723567903fd34a07df2,9,0,1678.14,4.78,0.0,sp,SP
508808d438fe2ff972ed13bb8f4a82e2,9,0,234.84,4.67,0.0,sao paulo,SP
d4f117125b59ce73c3302f88ee40c458,17,0,783.29,4.82,0.0,sao paulo,SP
7ff588a03c2aeae4fbd23f9ae64b760d,14,0,1182.2,4.64,0.0,guarulhos,SP
916c9de0b5ad957346eeeb12f332687e,22,0,5336.5,4.55,0.0,curitiba,PR
04fdea0c111866e6cf812f1570d6b5bd,8,1,865.0,3.5,0.125,sao paulo,SP
334cab711dee080b079fa5779b584783,11,0,1069.7,4.91,0.0,santo andre,SP
2c4c47cb51acd5ea5db5e0ae0e26542a,12,0,2575.9,4.67,0.0,buritama,SP
8f54d64f28a993550aa7943f12572959,15,1,2755.5,3.73,0.0667,ipatinga,MG
679769a98cfcc6da877c8486ff1c13f3,21,0,7029.0,4.57,0.0,ipatinga,MG
7901646fdd36a55f564ffaf2dbccaaf7,22,3,11857.08,4.5,0.1364,rio de janeiro,RJ
31ae0774c17fabd06ff707cc5bde005f,11,1,6719.85,4.0,0.0909,americana,SP
e1b12447a7563944843191754aeb5562,9,2,472.46,4.44,0.2222,guarulhos,SP
e3e290b38963293022cdcd6db8328103,3,0,135.7,3.33,0.0,sao paulo,SP
0b64bcdb0784abc139af04077d49a20e,4,0,137.6,4.75,0.0,canoas,RS
bb2afe2061d53c6968aa0cffa233a8ec,5,0,549.4,4.8,0.0,sao paulo,SP
297d5eccd19fa9a83b2630071ff105e4,8,0,834.97,5.0,0.0,curitiba,PR
ab27bbbad5239bc31a34709275a70db4,3,0,382.9,5.0,0.0,tatui,SP
e64d65bc8dbec2accda90c58de5d1246,12,4,1678.8,3.08,0.3333,rio claro,SP
e70053bf73d1b5863932e53a9fa47496,7,0,4025.0,4.29,0.0,sao paulo,SP
7fe21dd00d2f4943ae09525efa2fd674,2,0,169.8,5.0,0.0,rio de janeiro,RJ
cd843d4cf8ef32827de0396605163ba3,5,0,1915.0,3.8,0.0,juiz de fora,MG
9cea4682e16655f7da87f406902e989e,4,0,87.76,4.0,0.0,araucaria,PR
ad75519a07f039025e83795a4418470f,3,0,302.1,3.67,0.0,santa terezinha de goias,GO
f9903dd0f812c7e771fcad47b6fff231,10,0,1684.85,3.2,0.0,blumenau,SC
87d30a6a0cbf89356e49324971ab1d24,17,1,2134.13,4.35,0.0588,sao paulo,SP
b8630e1121437d41cb08e3c749c2c2e2,12,2,6988.0,4.33,0.1667,duque de caxias,RJ
1fbe10c70e30765ed1de86d9f7e98409,2,0,98.75,2.5,0.0,maua,SP
2d42ebcda99fd55f6f4bc2f1ca035d50,10,0,921.5,4.3,0.0,uruacu,GO
c398bc00a606d33758afd91f4e64fd15,2,0,150.0,4.5,0.0,rio de janeiro,RJ
bdf0d02d36a1d839d0c39c4a887cdd49,5,0,120.0,5.0,0.0,birigui,SP
48985c61529077fa4f1e38bcff0f2ed3,7,0,879.3,4.43,0.0,porto alegre,RS
8602a61d680a10a82cceeeda0d99ea3d,17,1,826.99,4.41,0.0588,sao paulo,SP
3ade81dab5a172b88e1871c28ae05260,28,4,5383.6,4.19,0.1429,sao jose do rio preto,SP
406822777a0b9eb5c50e442dd4cd3ec5,44,6,3548.09,4.33,0.1364,tatui,SP
a2e874074c877c5a05abae80ad6e488f,40,2,7355.0,4.25,0.05,sao jose do rio preto,SP
282f23a9769b2690c5dda22e316f9941,98,5,6464.28,4.37,0.051,belo horizonte,MG
4a3ca9315b744ce9f8e9374361493884,1772,195,196882.12,3.85,0.11,ibitinga,SP
2ba91c7ad80ff88b23b7db823b43c233,6,2,740.4,3.83,0.3333,itu,SP
8e8a7ce9f2f970dc00e2acf6f6e199f6,63,6,8821.0,4.0,0.0952,sao goncalo,RJ
6cd68b3ed6d59aaa9fece558ad360c0a,149,3,11188.57,4.46,0.0201,belo horizonte,MG
8c16d1f32a54d92897cc437244442e1b,108,1,5642.6,4.36,0.0093,blumenau,SC
751bdc4d83a466c7206cd42e8f426b03,51,1,6520.96,3.94,0.0196,ribeirao pires,SP
34056b8b55c1775a22af2331670a799c,77,9,6398.7,4.04,0.1169,penapolis,SP
ead2bab70821ea148476ae9bc08548ac,9,0,412.1,4.5,0.0,belo horizonte,MG
7ecd59e5e20407131822c1a68ac59c1f,24,4,1466.71,4.42,0.1667,brasilia,DF
7e3f87d16fb353f408d467e74fbd8014,91,11,4653.09,4.16,0.1209,sao paulo,SP
0df3984f9dfb3d49ac6366acbd3bbb85,86,1,9891.49,4.38,0.0116,betim,MG
b19f3ca2ea475913750f25a5c37c8d8f,19,6,4174.16,3.26,0.3158,divinopolis,MG
e38db885400cd35c71dfd162f2c1dbcf,30,4,2066.8,4.47,0.1333,brasilia,DF
71039d19d4303bf9054d69e9a9236699,35,8,3537.2,3.8,0.2286,sao paulo,SP
f76a3b1349b6df1ee875d1f3fa4340f0,24,9,4160.79,3.46,0.375,sao paulo,SP
8160255418d5aaa7dbdc9f4c64ebda44,380,63,46368.39,3.95,0.1658,ibitinga,SP
d650b663c3b5f6fb392b6326366efa9a,57,4,18335.9,4.37,0.0702,cotia,SP
440dd6ab244315c632130ecfb63827b1,91,12,13089.0,3.89,0.1319,votuporanga,SP
70eea00b476a314817cefde4aad4f89a,106,8,31424.75,4.41,0.0755,itatiba,SP
eb5b6204dde3a6e03b5f1bb8479f055b,19,1,452.2,3.95,0.0526,embu guacu,SP
d6b1ce66b035a475f00c017792ff9769,92,6,12277.4,4.28,0.0652,salto,SP
fe1b067411b8c5066e962aa146ccee03,8,0,847.78,4.63,0.0,presidente prudente,SP
b2479f944e1b90cf8a5de1bbfde284d6,101,14,4666.53,3.5,0.1386,ibitinga,SP
6806dad1da97bfb5a9038eac6881f706,10,1,1477.0,3.95,0.1,guaratuba,PR
6b9b80d53ba3676eafe60268a810b5a1,9,0,783.7,4.22,0.0,belo horizonte,SP
26d6bbee02420494d471c9f6436929c0,12,0,434.51,4.67,0.0,curitiba,PR
3d39fbf22a665714baf62fae36029e23,8,0,2504.2,4.75,0.0,campinas,SP
6fd52c528dcb38be2eea044946b811f8,67,9,7743.02,3.39,0.1343,sao paulo,SP
9d681c7e12db302cb261e721040dde65,13,0,785.6,4.92,0.0,curitiba,PR
b9ec22de23f18567de0e09d776ca0309,2,0,341.98,5.0,0.0,brasilia,DF
817f85dbb65aa3e70831d90fe75cdf89,11,0,1552.27,4.55,0.0,tiete,SP
c847e075301870dd144a116762eaff9a,41,4,15248.8,4.2,0.0976,uberaba,MG
b8bc237ba3788b23da09c0f1f3a3288c,45,1,13685.71,4.32,0.0222,itajai,SC
7178f9f4dd81dcef02f62acdf8151e01,202,10,36795.4,4.06,0.0495,videira,SC
b56906f7fd1696e043f1bcce164c487b,40,2,2148.49,4.0,0.05,echapora,SP
323ce52b5b81df2cd804b017b7f09aa7,29,5,2374.3,4.43,0.1724,sao paulo,SP
7aa538dd6e114e503a2e6154ea352253,5,0,1016.68,4.4,0.0,catanduva,SP
5c6d4016c2a288f074fa0848a2b653d2,31,3,3100.0,4.16,0.0968,sao paulo,SP
715bbd5ba4e6b74cb0d2f29eb45058b0,62,5,4043.3,4.47,0.0806,serra negra,SP
82e0a475a88cc9595229d8029273f045,41,4,10748.02,3.63,0.0976,sao paulo,SP
7d456afc660226829370f3173d14520c,55,3,8118.25,4.35,0.0545,mogi das cruzes,SP
01fd077212124329bac32490e8ef80d9,31,1,1208.0,4.16,0.0323,ribeirao preto / sao paulo,SP
f61c63d13f7cd800549d5acdd390ae72,26,2,3072.3,4.0,0.0769,pilar do sul,SP
3c4e0452bff7a2a788179488d3d77032,32,1,3746.4,3.84,0.0313,colombo,PR
052577151711aec5c744fe12e66db3e1,1,0,687.0,5.0,0.0,rodeio,SC
989becdce12ebc39863c2bceab6f3ca1,15,2,6302.9,4.8,0.1333,curitiba,PR
b74d1c09cb380e1d03a6f859c6f4224b,30,4,2174.61,4.3,0.1333,rio de janeiro,RJ
3935fe5fe0f82787a9dcb8deb62be09d,16,2,1681.69,4.0,0.125,sao paulo,SP
f00e21b1e91a79653163b7fd8f293ff1,31,1,3900.09,4.1,0.0323,andradas,SP
2156f2671501a81034d7d07f217609d0,21,3,2909.5,4.0,0.1429,sp,SP
70bf57d811208f8923b41bbd499a67a4,7,0,780.8,4.14,0.0,franco da rocha,SP
8ed8ea9a57c862f2c18c2fe41f601d56,19,0,3831.9,4.47,0.0,blumenau,SC
8a432f4e5b471f8da497d7dc517666e2,95,5,7555.0,4.19,0.0526,presidente prudente,SP
d3f39f05462b79a4562d35893a28f159,33,4,2363.4,3.61,0.1212,mococa,SP
8ca1551acf9832a4cf467bbbac15851f,11,1,2176.4,3.91,0.0909,campo largo,PR
3092c0b297aacfb4bb6e056ebe13b9b8,16,0,1184.3,4.13,0.0,aruja,SP
96493fab2fbb13a14d0c0e8772eef5c3,63,4,18969.0,4.06,0.0635,sao paulo,SP
e8b3a3a38279a82f0e5d006d5e5b7d2c,80,4,11762.4,4.01,0.05,jussara,PR
a435b009cd956ea60748b5cfbddf2e24,3,2,361.18,4.33,0.6667,franca,SP
c714262700f93defc16bf17a51a4cb23,4,0,421.8,3.75,0.0,sao paulo,SP
47f55702f598c7c6cc8458b0fbc1c49a,1,0,75.0,5.0,0.0,dores de campos,MG
a425f92c199eb576938df686728acd20,16,0,1106.3,4.5,0.0,curitiba,PR
05d2173d43ea568aa0540eba70d2ca76,62,4,5759.66,4.18,0.0645,alfenas,MG
e48b04bf1aa1ef711caebeb7aede6180,25,0,3187.1,4.48,0.0,curitiba,PR
ee2fbacc2fc3794e656cc4d933d59ce7,2,0,464.97,4.0,0.0,sao paulo,SP
0f80a40c312b2472dca482cf50f5186f,1,0,129.9,3.0,0.0,lencois paulista,SP
d71d863e5ef30d94e440c11be17dcd8f,23,3,9246.9,3.33,0.1304,osasco,SP
2e13c71026e1a39ba5cc1b86dcb679aa,24,2,3793.0,4.38,0.0833,sao paulo,SP
bd697db56ff8e7c9cd1abeb7f72029b2,21,0,2869.79,4.33,0.0,sao paulo,SP
980640c45d7a4635885491d077167e4d,14,1,1004.29,4.64,0.0714,rio claro,SP
439a47cc365d6e3bd526812ea9de3c29,8,1,1186.5,4.25,0.125,mogi das cruzes,SP
165b1235e9e9942cb5fae67103576fb0,11,1,2085.15,4.36,0.0909,ribeirao preto,SP
7bac63f6603d382cc8d0832eb6c100a8,19,3,7751.95,4.0,0.1579,sao paulo,SP
de9727ca376d1be6ec121b110aa7954c,9,1,997.8,3.67,0.1111,sarandi,PR
822b63912576852aea9a8436d72317b7,6,0,3465.93,4.83,0.0,mogi guacu,SP
f22a247b79dd22ecd91dc8e3b2a1b07c,8,2,439.94,4.0,0.25,itaquaquecetuba,SP
218f991754f360af9c2daa5e0b8e990c,14,2,3554.32,3.64,0.1429,sao paulo,SP
4e06067cc08b3f41d837768d392c3ee3,31,1,941.72,4.13,0.0323,betim,MG
13fa2a6c6b9d0f43cb588d7c82117a12,9,3,4528.0,4.11,0.3333,sao paulo,SP
02dcd3e8e25bee036e32512bcf175493,13,4,1341.9,4.08,0.3077,contagem,MG
2be17df1c49978426251562096c3cc09,16,1,2165.0,4.19,0.0625,tubarao,SC
1dd33b8119b3cb1056ed5dc88cd0aaf4,8,1,1513.0,3.75,0.125,sao paulo,SP
1690cada046eb7e92c12f98b1f8a8167,10,1,1760.0,4.9,0.1,sao paulo,SP
3785b653b1b82de85ab47dd139938091,21,0,1552.0,4.71,0.0,ampere,PR
f419677537694f0462a91990df6ca44f,6,1,220.5,4.0,0.1667,sao bernardo do campo,SP
3f2af2670e104d1bcb54022274daeac5,6,1,973.6,3.33,0.1667,terra boa,PR
97512d3fc193b2d1dfcdba0f9d1f0f8a,12,1,1458.87,4.25,0.0833,sao paulo,SP
863d2ebcd347ce4922de7a0f9a5581d6,17,3,1312.36,4.06,0.1765,rio de janeiro,RJ
adbe70ab2c97442046d393988c8d1d27,5,0,289.5,5.0,0.0,maua,SP
60562ab00b8054280520d390c8c0045c,17,0,2943.0,4.76,0.0,sao paulo,SP
6288c69c4ce638e59925e59193f98b16,20,1,4196.8,4.25,0.05,santo andre,SP
ffc470761de7d0232558ba5e786e57b7,27,1,1529.13,4.44,0.037,guarulhos,SP
e439f7176d763f92de325271111b2fd5,6,0,1320.9,5.0,0.0,joinville,SC
c3251e13f1bbda6c74e37c160f991e19,2,0,437.8,5.0,0.0,porto ferreira,SP
ae7ab174effdead6c241e547e4ca13f0,6,0,2778.6,4.33,0.0,arapongas,PR
723cd880edaacdb998898b67c8f9da30,11,1,2136.53,4.09,0.0909,ibitinga,SP
fbc14c0cf93505ef89f64665ffa4a7b5,18,1,12227.82,4.18,0.0556,serrana,SP
e1dc0754bada9ee4cfe9713f22f61292,12,0,885.0,3.83,0.0,duque de caxias,RJ
4e6015589b781adaa5ce7f1892d06bb1,3,0,684.0,3.67,0.0,guaruja,SP
e45edf75f568ed2f93f78d060e246e25,6,1,164.3,4.17,0.1667,rio de janeiro,RJ
4049512728d969bec69f84088b012416,7,0,389.84,5.0,0.0,belo horizonte,MG
debe6615cd90cc0c2eac2b8988e1f628,5,0,278.5,4.6,0.0,sao paulo,SP
f4ce8ca9fa7157e3b33f536ac9a4487d,4,0,409.6,4.75,0.0,penapolis,SP
2b03ac196f5ed62ac483960fe0fa3b65,7,1,843.1,4.14,0.1429,sao paulo,SP
7178e1eaa97257d8b6d4b80efd77a025,1,0,167.9,5.0,0.0,tatui,SP
6b536a23086fba0d58c08d68814397f6,18,1,1996.8,4.11,0.0556,niteroi,RJ
461ff5303b6c9c1a4a07f40c5aece516,3,0,102.7,3.67,0.0,pinhais,PR
3fefda3299e6dfaea3466ef346a3571a,1,0,209.0,4.0,0.0,curitiba,PR
82cb9f452fe8334df74b22d37824b431,14,0,838.2,4.71,0.0,caxias do sul,RS
5194c22ed1f616ec0c0f33c571542879,4,0,245.6,4.25,0.0,santa rita do sapucai,MG
c990d6cf976a5718aaedc539f383ab88,8,3,183.1,3.63,0.375,paulinia,SP
88ae906ea2acf6971f26c3e8b7cb4357,3,1,246.0,3.33,0.3333,sao paulo,SP
ff4ea69c2a729e83e63c7579e4ef8170,8,0,6368.0,5.0,0.0,guarulhos,SP
8dfbc5ff27df12f6cef751d3b9554222,4,0,226.0,4.5,0.0,curitiba,PR
8d46553a36e68f95350a200c12f8f2e2,9,0,660.0,4.22,0.0,campinas,SP
5a9c0859cb00fd8aa4db443837f0a700,2,0,208.0,4.5,0.0,treze tilias,SC
d94ba08b99bedd6a5f6c875ecc4a6fac,8,0,539.1,4.75,0.0,apucarana,PR
dc120d932ddf9d4dfb6fd68beefda622,1,0,130.0,1.0,0.0,sao jose dos pinhais,PR
651fe66032c9520ee5587f694908040d,7,0,464.0,4.0,0.0,alvorada,RS
6ba4733aa33f6386e9fb0c0fd3993b38,3,0,149.79,4.67,0.0,torres,RS
f682e0f848abafc6f41e0d4e868c66ef,2,1,269.98,3.5,0.5,mairipora,SP
baa49d93c8c8841e27400a300f5d74b2,6,1,246.4,4.5,0.1667,sao jose,SC
668bf321538e5072858eaef6087ce027,1,0,19.9,5.0,0.0,pinhais,PR
213fafb0ca06fb3d5886579c2565791b,3,0,189.7,2.33,0.0,sete lagoas,MG
c447f8dd3ed213f291d65ef074a268eb,7,0,655.0,3.71,0.0,assis,SP
921323538c9f1c4e816f2720eac02bea,15,3,1401.84,3.93,0.2,sao paulo,SP
cca3071e3e9bb7d12640c9fbe2301306,699,41,63035.16,3.88,0.0587,ibitinga,SP
9d4db00d65d7760644ac0c14edb5fd86,97,4,9845.71,4.54,0.0412,sorocaba,SP
17ca9b9e9b9ef8fdb529001b49ebb50f,115,3,9649.86,4.07,0.0261,betim,MG
25e6ffe976bd75618accfe16cefcbd0d,106,6,11552.62,4.44,0.0566,sao paulo,SP
dd2bdf855a9172734fbc3744021ae9b9,105,6,10607.0,3.87,0.0571,belo horizonte,MG
2e90cb1677d35cfe24eef47d441b7c87,127,17,13894.71,4.12,0.1339,sao paulo,SP
2709af9587499e95e803a6498a5a56e9,25,3,1180.56,3.96,0.12,sao paulo,SP
c31eff8334d6b3047ed34bebd4d62c36,120,17,12991.61,3.87,0.1417,salto,SP
381c83fdca332ea6afd896da20bf6e4a,46,2,7355.8,4.39,0.0435,curitiba,PR
c53bcd3be457a342a97e39e5a9f0be22,5,0,509.5,3.2,0.0,neopolis,SE
d9a84e1403de8da0c3aa531d6d108ba6,53,3,1385.3,4.58,0.0566,sao paulo,SP
557f22c76691849db52d2abccf0015d0,12,0,799.87,3.27,0.0,morrinhos,GO
813348c996469b40f2e028d5429d3495,172,9,10813.53,4.07,0.0523,jundiai,SP
b499c00f28f4b7069ff6550af8c1348a,147,19,10162.18,4.23,0.1293,limeira,SP
d2374cbcbb3ca4ab1086534108cc3ab7,514,30,20926.02,3.78,0.0584,ibitinga,SP
4c03b9dd4c11ee2cb35c96c49efc9420,48,1,6458.6,4.11,0.0208,campo limpo paulista,SP
5a8e7d5003a1f221f9e1d6e411de7c23,137,8,11042.1,4.17,0.0584,campinas,SP
d05ae8f7a5bd1d2a690a44cd079e4e27,77,7,13244.0,3.89,0.0909,rio de janeiro,RJ
a3a38f4affed601eb87a97788c949667,251,12,26294.62,4.4,0.0478,joinville,SC
808d4348b916efa08e766ebad39f61eb,20,1,712.95,4.6,0.05,sao paulo,SP
ef0ace09169ac090589d85746e3e036f,128,11,16105.4,4.4,0.0859,sao goncalo,RJ
537eb890efff034a88679788b647c564,158,9,4617.9,4.24,0.057,rio de janeiro,RJ
95e03ca3d4146e4011985981aeb959b9,172,6,10865.16,4.03,0.0349,rio de janeiro,RJ
09f952a5f58d2285b0372551ae8f9b01,50,3,11821.5,3.84,0.06,sao bernardo do campo,SP
809413606dbfe5deefd2db646693ef67,3,0,196.68,4.33,0.0,sao paulo,SP
0ad80de75c811326389cfb1daba7d45e,6,0,1449.4,5.0,0.0,rio de janeiro,RJ
c840d3fdbba0790404fdae73d253b253,9,0,4522.28,3.56,0.0,curitiba,PR
87d3c3aeb3ead335511b3ce315eb341e,15,1,749.35,3.5,0.0667,sao paulo,SP
5656537e588803a555b8eb41f07a944b,171,13,7931.26,3.89,0.076,brasilia,DF
522620dcb18a6b31cd7bdf73665113a9,172,18,56690.49,3.91,0.1047,cascavel,PR
f457c46070d02cadd8a68551231220dd,195,12,18798.3,3.87,0.0615,maringa,PR
5bc24d989e71e93c33e50a7782431b0e,17,0,3148.0,4.35,0.0,campo do meio,MG
ad420dd0c4f92f8af951ac24b86d0cf5,42,3,4705.29,4.13,0.0714,fronteira,MG
dbb9b48c841a0e39e21f98e1a6b2ec3e,108,4,7186.85,4.27,0.037,sao paulo,SP
00ee68308b45bc5e2660cd833c3f81cc,135,12,20260.0,4.3,0.0889,sao paulo,SP
b39d7fe263ef469605dbb32608aee0af,43,2,5063.2,3.93,0.0465,ibitinga,SP
14d7985702e72162bbf13b6beb74ab2b,37,5,3887.0,4.32,0.1351,santo andre,SP
4559697a8f7e637227c2eeaed843baff,39,3,3486.3,4.21,0.0769,presidente prudente,SP
0aea4c6ae1505b3228ddf3dd7822ee5b,8,2,1427.91,3.88,0.25,sorocaba,SP
cf1313c6e2c01c2f4b014f97db4bcd2b,5,1,315.7,5.0,0.2,rio de janeiro \rio de janeiro,RJ
5058e8c1e82653974541e83690655b4a,62,8,9812.83,3.25,0.129,itaquaquecetuba,SP
7b7f91e98f8c6def45a1407923304402,11,1,417.47,4.18,0.0909,osasco,SP
edb1ef5e36e0c8cd84eb3c9b003e486d,165,13,79144.9,4.44,0.0788,teresopolis,RJ
3364a91ec4d56c98e44174de954b94f6,6,0,3579.94,3.83,0.0,porto velho,RO
3481aa57cd91f9f9d3fa1fa12d9a3bf7,25,0,1773.03,3.88,0.0,capivari,SP
63b464dbf392c7b80d12d932fa7cafed,36,2,6622.0,3.86,0.0556,sao paulo,SP
b90e891671cffd9557f33a97dc523645,34,0,4449.0,4.32,0.0,sao jose dos pinhais,PR
602044f2c16190c2c6e45eb35c2e21cb,48,9,3559.17,3.28,0.1875,ibitinga,SP
d7ab82074b5f1dfba46db123df101bff,2,0,38.67,4.5,0.0,atibaia,SP
2953ce3a88f5e3c3b696d77fc9e4c8eb,14,3,470.0,4.64,0.2143,sao paulo,SP
5b8154610ebb21fb90eb587365e673df,37,4,9048.05,4.16,0.1081,sao jose dos campos,SP
430315b7bb4b6e4b3c978f9dfa9b0558,19,1,2864.4,3.95,0.0526,sao paulo,SP
6f892e20a171e98efe17fdb971ff319b,41,4,6049.0,4.15,0.0976,sao paulo,SP
cac4c8e7b1ca6252d8f20b2fc1a2e4af,74,17,4128.19,3.58,0.2297,indaiatuba,SP
e882b2a25a10b9c057cc49695f222c19,57,0,51057.54,4.58,0.0,teresopolis,RJ
c00396cbdd2e088fe4281baa5920aef1,1,0,832.41,5.0,0.0,campo magro,PR
3fd1e727ba94cfe122d165e176ce7967,35,7,2747.4,3.94,0.2,araraquara,SP
8ae520247981aa06bc94abddf5f46d34,65,1,16320.99,4.45,0.0154,navegantes,SC
b1aaae6b66ad3c40f54b389d7ea4bee0,15,0,1176.5,4.4,0.0,sao paulo,SP
08633c14ef2db992c11f840f04fad4cd,74,5,7644.3,4.36,0.0676,ribeirao pires,SP
d1b9d4be4b6f9ebd85f8acd6745ba612,11,0,1154.35,4.18,0.0,nova lima,MG
5b925e1d006e9476d738aa200751b73b,63,4,7748.5,4.6,0.0635,sao paulo,SP
a81466620e46a6970b22ef40379fdfc9,2,0,321.8,5.0,0.0,sao ludgero,SC
f9244d45189d3a3605499abddeade7d5,20,0,15081.44,4.35,0.0,sao paulo,SP
c8b3445d737de6befde0c88ede534a5e,30,1,3149.04,4.43,0.0333,sao paulo,SP
20cb7c2fde3e5bf10f0bbe7394e1c6a9,31,3,845.0,4.1,0.0968,andira-pr,PR
ba90964cff9b9e0e6f32b23b82465f7b,38,2,44212.5,4.42,0.0526,guarulhos,SP
729b2d09b2a0bdab221076327f13d050,48,4,1805.21,4.56,0.0833,mineiros do tiete,SP
e24d3429d294b2eb200b064ebb035879,19,1,1878.58,4.26,0.0526,sao paulo,SP
bce6a5ecf98e99fd2a8868b15c51f04b,14,3,3464.9,4.07,0.2143,guarulhos,SP
503c1de08ae81a2d86f17951b204db55,22,2,4906.99,4.41,0.0909,sao paulo,SP
014c0679dd340a0e338872e7ec85666a,14,2,7058.0,3.86,0.1429,timoteo,MG
31561f325664a8a7aba4c8d0c3a9b3db,36,1,2702.19,4.64,0.0278,sao paulo,SP
270297ead4c65a6cd2593960d2af6b21,17,0,9344.4,3.82,0.0,sao paulo,SP
119d1aef1b4144adba89163f6cd9f5d4,4,0,1094.0,4.75,0.0,pedreira,SP
7f152321c60a266edc53af1925ef96c1,20,6,3919.8,3.8,0.3,criciuma,SC
ebe3dabc4955c9b0d695e7bda38bf5c3,1,1,55.0,3.0,1.0,ribeirao preto,SP
90b36c5aeb728d5504a39f435bef0c5f,4,0,153.89,5.0,0.0,conchal,SP
5d9dc90a686a8fddacffab6bab5653a3,12,1,3761.94,4.17,0.0833,santana de parnaiba,SP
4091f77d8c768fc3e81c20761471761d,8,2,1079.0,2.75,0.25,sao paulo,SP
217f005bb37ff3aeef5b2ae1788e75ba,2,0,49.98,4.5,0.0,osasco,SP
5a05a16bb50629ee31afab8a6d4c2674,14,1,794.3,4.21,0.0714,caxias do sul,RS
c6a7539d424a8402232c2228d7a03c5e,10,1,607.5,3.1,0.1,sao paulo,SP
89a51f50b8095ea78d5768f34c13a76f,10,0,677.16,4.7,0.0,brasilia,DF
b8114f2f589a6804810f04f99b36b498,8,0,1399.62,4.75,0.0,sao bernardo do campo,SP
7963e546f34e098b578f9ad102494601,1,0,60.99,5.0,0.0,sao paulo,SP
134b867a0f7f8bbe6abf10f91874891e,1,0,789.89,4.0,0.0,valinhos,SP
a36ac007a4d18f865c8d32c3b2402c2d,8,0,1229.79,2.75,0.0,barueri,SP
c286ec035ee04ba81c97508f0b5df544,1,0,294.0,4.0,0.0,curitiba,PR
b64d51f0435e884e8de603b1655155ae,17,3,416.18,4.29,0.1765,garulhos,SP
72bc2cce903c872fe376a8faaa81d237,17,0,2149.2,4.65,0.0,sao paulo,SP
7adbd3210a7b3cc2235e225eef33574d,3,0,131.9,4.67,0.0,sao paulo,SP
1b1ae47a313a825a7ccceb8e2e30fa9d,10,0,2184.0,4.22,0.0,bocaiuva do sul,PR
c8cc60ffd415254af5d9b9f34f32c369,8,0,722.2,4.75,0.0,sorocaba,SP
aa762680c40618316a896838866140ea,3,1,261.0,3.33,0.3333,curitiba,PR
edc518ba25576a0188a0e8f2c3af186f,6,0,1647.39,3.67,0.0,guarulhos,SP
ecccfa2bb93b34a3bf033cc5d1dcdc69,12,2,1120.85,2.83,0.1667,curitiba,PR
1b938a7ec6ac5061a66a3766e0e75f90,29,1,3859.8,4.41,0.0345,penapolis,SP
9a1aea68d3efa00862ec88c0768037d0,7,0,1309.2,4.43,0.0,catanduva,SP
bd15ee794d5e640d9dd71b665b2ab15b,12,2,374.8,4.0,0.1667,ribeirao preto,SP
5236605f4d4b0b3e4df85b850393fca0,5,1,265.3,4.8,0.2,sao paulo,SP
2aa3443d7bf9d9bb11133f420d75e083,10,2,647.0,3.0,0.2,rio de janeiro,RJ
3968920b9aa752ab98f7d5888c9252f2,8,1,523.3,3.88,0.125,bauru,SP
eb9cd5b35d95206585e2185318cb5c61,2,1,550.0,3.0,0.5,sao paulo,SP
7238a95bb63ef7e498389fb863b834a1,15,1,2265.7,4.73,0.0667,limeira,SP
0791d9fc1e30678ecf03d3e55fa108d3,5,0,842.0,4.0,0.0,belo horizonte,MG
1d0997ff06b524ce9289ffd75114ecd3,3,1,3747.0,3.67,0.3333,recife,PE
3d4824f20035949c710eaf111f869d39,8,1,449.97,4.0,0.125,sorocaba,SP
e0487761face83d64fcada2408959a36,2,0,49.25,4.5,0.0,sao paulo,SP
9449f25aeaf531019b76999ea49a6949,9,2,1979.55,4.22,0.2222,rio de janeiro,RJ
455f46ef09a9e45667e2981df84b5cc2,1,0,29.9,4.0,0.0,sorocaba,SP
cf2384dd2f1dddea3f838efed0945e65,16,0,2101.5,3.94,0.0,serra negra,SP
659e8466eb3ff1b0e8740d74fb7bbedd,11,0,1486.8,4.36,0.0,eunapolis,BA
a3fa18b3f688ec0fca3eb8bfcbd2d5b3,1,0,47.8,5.0,0.0,são paulo,SP
6219ba2359cfb97f2e38fd4c321eb309,5,3,342.6,4.0,0.6,sao paulo,SP
43753b27d77860f1654aa72e251a7878,1,0,23.9,5.0,0.0,barro alto,BA
52831e5990d0771cb4951d6f12928167,1,0,65.0,3.0,0.0,tupa,SP
c89cf7c468a48af70aada384e722f9e2,14,1,745.0,4.0,0.0714,petropolis,RJ
2ea0861cc19e94cad86438c984c52da4,6,0,165.6,3.33,0.0,sao paulo,SP
270d3ef21830ad0ecf3a6c53d08a533a,5,0,471.0,2.6,0.0,carapicuiba,SP
c7246702dc991a06d788120dc7544391,1,0,54.86,5.0,0.0,fortaleza,CE
17eea220a40cc0d2c0c5346379682398,3,2,875.98,3.67,0.6667,sao paulo,SP
9df5750209b83567ec144eb299d7d634,11,1,4917.0,4.0,0.0909,sao leopoldo,RS
1782ce2db72c3dda627d5e7c898104e1,9,1,2010.8,4.33,0.1111,taboao da serra,SP
1dcfa3835714681d4ba4a93bc1e0fd41,12,0,1186.6,4.27,0.0,birigui,SP
a5bff0f43eb51f0cad7c37fac7244c8a,4,0,445.0,4.75,0.0,sao paulo,SP
c5ebe6598748b0aeaa61cfb820478b92,3,0,297.0,4.67,0.0,lajeado,RS
c394e193cda3b4225ff2094d32184849,2,0,3134.89,5.0,0.0,sao paulo,SP
22c32ec35d0116ef02c281798a25bf8b,4,0,119.58,3.75,0.0,maringa,PR
4e922959ae960d389249c378d1c939f5,412,44,45338.42,3.96,0.1068,jacarei,SP
4830e40640734fc1c52cd21127c341d4,204,14,9490.5,4.23,0.0686,sao paulo,SP
f3b80352b986ab4d1057a4b724be19d0,86,0,9815.1,4.21,0.0,brasilia,DF
669ae81880e08f269a64487cfb287169,161,7,13133.87,4.26,0.0435,rio do sul,SC
1f50f920176fa81dab994f9023523100,1399,148,106655.71,4.14,0.1058,sao jose do rio preto,SP
cc3d14116804f7209f3884f6367f1152,27,1,5477.8,4.63,0.037,curitiba,PR
080102cd0a76b09e0dcf55fcacc60e05,122,5,5612.65,4.52,0.041,belo horizonte,MG
4cf490a58259286ada5ba8525ba9e84a,7,0,1075.3,3.43,0.0,tabatinga,SP
e9d99831abad74458942f21e16f33f92,130,14,4922.48,3.93,0.1077,sao paulo,SP
ede0c03645598cdfc63ca8237acbe73d,43,15,2352.15,3.57,0.3488,ribeirao preto,SP
05a48cc8859962767935ab9087417fbb,1,0,42.9,5.0,0.0,sao paulo,SP
376a891762bbdecbc02b4b6adec3fdda,57,2,6406.23,4.67,0.0351,goiania,GO
fedf2c1386e137f296b3bbf3b635e69d,2,0,131.74,3.5,0.0,sao paulo,SP
562fc2f2c2863ab7e79a9e4388a58a14,255,9,8659.25,4.23,0.0353,campinas,SP
6fc26fe110feebd80a433e1f012a84f9,35,4,4150.87,3.91,0.1143,fernandopolis,SP
189ca3538ce9f920cacf0f982cbe223b,4,0,419.0,4.25,0.0,sao paulo,SP
530ec6109d11eaaf87999465c6afee01,94,1,12682.11,4.34,0.0106,cascavel,PR
50c9975695009e5e6473912e83a6d1da,50,7,3964.4,3.94,0.14,claudio,MG
5d0363b33554b373851fc1622e4d5f3c,93,8,6548.79,4.08,0.086,atibaia,SP
66dc1b1632bd6a3e508510c5b3492107,36,1,3542.19,3.64,0.0278,jau,SP
fffd5413c0700ac820c7069d66d98c89,57,8,8535.0,3.89,0.1404,amparo,SP
f27e33c6d29b5138fa9967bcd445b6d5,93,10,8888.3,4.1,0.1075,sao paulo,SP
3b15288545f8928d3e65a8f949a28291,101,7,13764.82,4.08,0.0693,ibitinga,SP
bfd27a966d91cfaafdb25d076585f0da,114,6,19225.0,4.32,0.0526,serra negra,SP
d79e8478eed9999493990b44955fb22e,5,1,721.89,4.0,0.2,rio de janeiro / rio de janeiro,RJ
d66c305afaec317ebee552073a674429,38,1,4126.59,4.47,0.0263,ribeirao das neves,MG
431af27f296bc6519d890aa5a05fdb11,116,18,12974.6,3.8,0.1552,ribeirao preto,SP
17f51e7198701186712e53a39c564617,56,5,48019.0,4.34,0.0893,sao paulo,SP
d4e4b5192cba4e0e66eb12a9d347239d,11,0,431.9,4.45,0.0,toledo,PR
7ad32824caee82087b3e2e5f33b1bf32,147,21,22018.1,3.86,0.1429,ibitinga,SP
45d33f715e24d15a6ccf5c17b3a23e3c,56,4,4518.49,4.14,0.0714,sorocaba,SP
62c50c1af4dfdc4149d25c5222043d39,12,0,2325.83,4.08,0.0,sao paulo,SP
dd533b429f380718b70ad9922c294bae,39,5,2244.88,3.92,0.1282,barretos,SP
76d64c4aca3a7baf218bf93ef7fa768d,64,2,16911.8,4.23,0.0313,curitiba,PR
0ef83d7d83ed97cd2a0049ac8be5f88a,48,1,4421.01,4.15,0.0208,curitiba,PR
75a4764c108403a7a0575140cb22287c,5,0,716.9,4.6,0.0,caxias do sul,RS
0af2ab31141893d26aca5a404a537dab,1,0,59.0,5.0,0.0,sao paulo,SP
bd1d49a326abfa9b1036772e40445430,12,1,637.7,4.08,0.0833,bauru,SP
0885aaf116795758dfeb5f1032487bcd,27,1,2573.1,4.26,0.037,ferraz de vasconcelos,SP
fb3cfbc8a86f5d7fbb4d36b8df63f60d,10,0,1007.3,4.2,0.0,rio de janeiro,RJ
30a2f535bb48308f991d0b9ad4a8c4bb,71,2,4731.3,4.28,0.0282,santa barbara d'oeste,SP
dc8798cbf453b7e0f98745e396cc5616,35,2,1733.0,3.37,0.0571,sao paulo,SP
6989574bd97d9773f10d232b6c07da59,7,0,2478.4,4.86,0.0,curitiba,PR
e250d617a0ad591ba9bd663e584a895d,8,0,904.12,3.5,0.0,guarulhos,SP
77128dec4bec4878c37ab7d6169d6f26,1,0,6.5,5.0,0.0,sao paulo,SP
2d2c62bef4c8ba0dd74e0e228e808539,16,2,3749.0,4.13,0.125,ribeirao preto,SP
e883aa812c37a7413226856f4579fe91,26,1,4097.1,4.15,0.0385,itapevi,SP
3340ef1913fb70d28420f6ceb685c339,32,3,6731.15,4.38,0.0938,maringa,PR
ed4acab38528488b65a9a9c603ff024a,32,1,12759.45,3.72,0.0313,sao paulo,SP
80e6699fe29150b372a0c8a1ebf7dcc8,96,4,11119.66,4.34,0.0417,pinhais,PR
7a425d299613df3e613bcf9d2eaf5c49,18,1,1218.8,4.11,0.0556,rio de janeiro,RJ
28f10b1c5e5abb9d4857745bede6147c,28,6,835.0,4.0,0.2143,sao paulo,SP
d97df38225e5abadaff1e72cb72b823c,28,5,1776.0,3.93,0.1786,sao caetano do sul,SP
64cc804291f90c81f02bfc2bb58ff55a,2,0,517.6,5.0,0.0,curitiba,PR
26e2c91ef821e1ff8985f408788fe35b,12,5,1649.4,3.0,0.4167,ibitinga,SP
4bfc7a4a1cf8d4d2121c27422d9e50b5,26,1,8124.4,4.54,0.0385,sao paulo,SP
4c61e37f664c3c88aff092aa5ac779d7,7,2,788.31,4.0,0.2857,niteroi,RJ
3969863bb8af7f72580b3b1ffd3a17b3,12,0,623.15,4.08,0.0,sao paulo,SP
850857dfac77488c307e2b1cbd84ab5a,1,0,1599.0,5.0,0.0,cascavel,PR
13d058e4eeac2ce8217660b2f8a05812,22,3,3739.78,4.18,0.1364,osasco,SP
cc63f0dd2acba93ffed4fe9f8e0321fa,55,0,7096.71,4.09,0.0,sao jose do rio preto,SP
2dee2ce60de9709b1a24083217181a1f,54,1,7784.5,4.43,0.0185,sinop,MT
fe87f472055fbcf1d7e691c00b1560dc,6,1,1085.8,4.5,0.1667,campinas,SP
b86a47b3366e3b5424a7b225781f4908,1,0,86.5,3.0,0.0,passos,MG
31da954dc0855f2495c6310f70a2f931,29,3,4583.0,4.21,0.1034,araras,SP
681fce914360217db47784ae28905a96,23,3,4127.33,4.0,0.1304,araucaria,PR
20a7efa9721046319bdde5d60b6b5365,3,0,501.2,5.0,0.0,laguna,SP
daf565f087a52def0fd5c5825b3661bc,9,1,813.9,3.63,0.1111,brusque,SC
d29ba1220fb8634fa3a107e54497b8a4,9,0,724.94,3.22,0.0,sao carlos,SP
7e26c750b4cb9f6766f58265ff9ebe95,23,0,1344.3,4.43,0.0,belo horizonte,MG
2f73e04d12cdf0c945ded66bb3fcf6c7,3,0,1359.0,3.33,0.0,cachoeiro de itapemirim,ES
f35b3c613c4f7b2275f4185d0a3c59ec,9,2,4047.25,4.56,0.2222,sao paulo,SP
c3acdfac4e3e97ff87529454fbc03642,12,1,16788.0,4.25,0.0833,sao paulo,SP
2bf6a2c1e71bbd29a4ad64e6d3c3629f,30,3,50628.9,4.17,0.1,nova friburgo,RJ
4a1f694197d05fe70026b016a7316b41,14,1,907.77,4.57,0.0714,pedreira,SP
4e8dacf3d38f281ae26c3e0321d92d88,8,1,2055.46,3.13,0.125,sao paulo,SP
5f57db27027655e6c6a391601daa0258,1,0,98.0,5.0,0.0,viana,ES
1cbdc7cf130a41fd13a3c2a7d2fcfda7,2,0,165.8,5.0,0.0,lambari,MG
fe4cd9461203cee790d36792420b310f,3,0,391.15,4.0,0.0,caratinga,MG
0307f7565ff85b299b6e5ef162b1b1a9,6,0,4711.9,3.5,0.0,sao jose do rio preto,SP
56f413900b5166ab4d730e9ac0b12cb0,3,0,151.79,4.67,0.0,sorocaba,SP
b4b447d715f9ab302a188fb43d3e96b3,5,1,685.93,4.8,0.2,sao paulo,SP
ae8bfdbf1c2a2a2dee92d799db0a31c6,8,0,339.92,4.13,0.0,toledo,PR
13074f016982ff2bd6c58ced8682f000,13,4,1977.0,4.15,0.3077,bento goncalves,RS
cd6efc47efaabf134f8bdb654e10b4f1,31,3,4158.55,4.48,0.0968,rio de janeiro,RJ
b16d3dadc47d4eb18be3d88bad0775ce,10,1,722.1,4.3,0.1,estancia velha,RS
cf8ab1616079e2793aa29d524df01bb1,6,1,9594.0,2.5,0.1667,sao paulo,SP
1d1bbb8ac1581824986f582583fff01d,4,1,166.88,3.5,0.25,indaial,SC
db46ca7bce82b11f7e247539271fc390,16,0,933.97,4.56,0.0,rio de janeiro,RJ
a13580f0e8f782b7a543885a0ef99f08,10,2,1304.9,4.4,0.2,rio de janeiro,RJ
768de2a4fc06aacecb9a586ccc30746a,13,0,442.7,4.38,0.0,brasilia,DF
7357b52d27cbaa90f81a96cbc1279396,12,1,1328.02,4.33,0.0833,lagoa santa,MG
2bf28e311bba65237358230cabac3f15,7,2,294.0,3.71,0.2857,londrina,PR
25be943a321c8938947bdaabca979a90,3,0,479.0,4.33,0.0,sao bernardo do campo,SP
74636e24f01da9268b0ed88dacd8513e,4,1,776.0,4.0,0.25,sao paulo,SP
31e60bf8d103ce47932a85f5562deb16,1,0,181.0,5.0,0.0,goiania,GO
3a3c180dd702a725bd0ba4117689239e,1,0,41.9,4.0,0.0,uniao da vitoria,PR
01266d4c46afa519678d16a8b683d325,3,0,90.25,5.0,0.0,curitiba,PR
aae5953b9edddf14749c0d65d60eb4b9,2,0,173.0,5.0,0.0,belo horizonte,MG
f46490624488d3ff7ce78613913a7711,80,10,5690.95,3.76,0.125,guarulhos,SP
ccc4bbb5f32a6ab2b7066a4130f114e3,184,14,72926.72,4.32,0.0761,curitiba,PR
1660ad786c27fd935378b6192a90b417,12,1,1570.0,4.58,0.0833,sao bernardo do campo,SP
a6fe7de3d16f6149ffe280349a8535a0,50,8,2844.9,4.04,0.16,franca,SP
001cca7ae9ae17fb1caed9dfb1094831,195,13,24487.03,4.06,0.0667,cariacica,ES
2a61c271b1ac763450d846849783e922,17,3,1486.77,4.12,0.1765,santo andre,SP
3db66a856d18a9cba7c9241fc5221c50,94,11,9478.3,4.19,0.117,ponte nova,MG
23a0ffca143a15b9b5bbdb7d552f626a,23,3,3718.51,3.91,0.1304,sao pedro,SP
8444e55c1f13cd5c179851e5ca5ebd00,92,6,21480.96,3.37,0.0652,congonhal,MG
7142540dd4c91e2237acb7e911c4eba2,316,26,37181.94,4.05,0.0823,penapolis,SP
7040e82f899a04d1b434b795a43b4617,208,20,9213.7,3.65,0.0962,sao paulo,SP
3df020b72d3d44b3af9d110fa3940b65,55,7,5039.9,4.05,0.1273,jales,SP
1554a68530182680ad5c8b042c3ab563,246,17,28979.64,4.33,0.0691,monte siao,MG
57c764b4a836300be881e2ff86e449f9,28,4,1156.1,4.22,0.1429,ribeirao preto,SP
51e4e89242cbb846c2deff3dc015650e,16,0,822.58,4.63,0.0,rio grande,RS
0bf0150d5b9d60d9cd2906003332f085,39,8,5774.6,3.79,0.2051,sao paulo,SP
ea65d8b58316a6f2362f2a9e4b3e86ad,9,0,2061.4,4.0,0.0,campinas,SP
c33847515fa6305ce6feb1e818569f13,114,5,15519.85,3.85,0.0439,brusque,SC
1ca7077d890b907f89be8c954a02686a,108,24,12474.64,2.39,0.2222,santana de parnaiba,SP
bc302730ea8cf49b5c74f579febb5bbf,11,1,2640.9,3.82,0.0909,campinas,SP
16090f2ca825584b5a147ab24aa30c86,398,43,25579.16,4.09,0.108,atibaia,SP
c9aafcd0621b2207c10e32c649cada4d,40,4,2671.26,4.33,0.1,sao paulo,SP
ba6ce6de456f6c11d08c17701ba5c26f,6,1,744.35,4.17,0.1667,sorocaba,SP
ccf8813e5a7d6c84d865cd38bfc2b130,26,2,2635.5,4.38,0.0769,taubate,SP
7ade73f1b9b4e965f9009a4c3a7e2c15,26,0,1835.3,4.77,0.0,bauru,SP
3d621842b2ed28e2b474132480edac3c,8,0,873.93,4.63,0.0,sao paulo,SP
1b4b28463457a256e9a784ebe2a8f630,1,1,699.42,1.0,1.0,piracicaba,SP
9de4643a8dbde634fe55621059d92273,72,3,17560.34,4.53,0.0417,joinville,SC
e84ad2127668df3aafc6b73531a0beb8,19,1,987.0,4.37,0.0526,sao paulo,SP
9198786624eaeb375793215cad26cfa6,8,0,854.4,4.0,0.0,rodeio,SC
624f4ece8da4aafb77699233d480f8ef,52,4,9046.0,4.25,0.0769,sao paulo,SP
aac29b1b99776be73c3049939652091d,94,9,6563.66,4.17,0.0957,uberlandia,MG
2199e7fe213c16213bf5d6a7eadc9a5d,24,1,3767.29,4.38,0.0417,registro,SP
1d8dbc4f32378d715c717c1c1fc57bae,91,9,11205.99,4.06,0.0989,arapongas,PR
ba143b05f0110f0dc71ad71b4466ce92,83,13,5998.7,4.46,0.1566,sao paulo,SP
e3a386fc36e22064434e1fa256f6a9fa,16,3,793.9,4.19,0.1875,engenheiro coelho,SP
5a413ade68e8f8d93071a7f52a64cb9e,14,2,778.9,4.64,0.1429,sao paulo,SP
6d1b9c9579132c87d2703ec38c30f2c5,4,0,299.69,4.5,0.0,curitiba,PR
4992e76a42cb3aad7a7047e0d3d7e729,56,4,2171.2,3.96,0.0714,sao paulo,SP
b561927807645834b59ef0d16ba55a24,85,12,4501.99,4.34,0.1412,sao paulo,SP
df0f42bc4c2142eacf0eaf2cffd0cfbb,14,0,1654.0,4.14,0.0,itajai,SC
7202e2ba20579a9bd1acb29e61fe71f6,51,3,12085.7,3.98,0.0588,franca,SP
39c763cca83e654764b7a4a650fb9b7c,11,2,761.0,3.82,0.1818,goiania,GO
e58a5b390e28abc0b216cfb0e07d27d7,7,0,1022.6,4.86,0.0,rio de janeiro,RJ
6d988d6174a2c27441597174f8905515,19,2,371.73,4.11,0.1053,maringa,PR
cd68562d3f44870c08922d380acae552,122,22,18119.7,4.02,0.1803,ribeirao preto,SP
ff1fb4c404b2efe68b03350a8dc24122,46,7,6771.0,4.0,0.1522,mogi das cruzes,SP
a4b6b9b992b46e9ef863637af96e04bc,6,1,5293.0,3.67,0.1667,florianopolis,SC
a08692680c77d30a0b4280da5df01c5a,6,0,2433.0,5.0,0.0,sao paulo,SP
a1bea7061f61f6fdd9a85a6325ba1033,9,1,810.95,4.44,0.1111,carapicuiba / sao paulo,SP
6e864f5c4669eff3d98140a07cc50202,13,1,740.59,4.46,0.0769,sao paulo,SP
f0b47fbbc6dee9aafe415a6e33051b3f,67,7,3766.92,4.25,0.1045,maua,SP
cc80e2f693fa6e2408f47ccf62413fc1,2,0,420.0,4.0,0.0,curitiba,PR
cda598c48d7c614bc1cad7d8ff6f0010,17,0,1118.6,4.06,0.0,mirassol,SP
d3674f271c91f824f82d24d92011f669,20,2,1718.3,4.1,0.1,brasilia,DF
43f8c9950d11ecd03a0304a49e010da6,41,3,4249.59,4.56,0.0732,carapicuiba,SP
f9d010e39375d9c91dce3f40b73a2f84,4,1,1212.0,3.5,0.25,lorena,SP
e94b64dc6979b302a5a5be1662c83bb6,2,0,306.89,5.0,0.0,itapecerica da serra,SP
6e1862e15f33d9994bc25922a85e1efc,7,0,668.49,4.43,0.0,rio claro,SP
f8201cab383e484733266d1906e2fdfa,10,2,889.0,4.1,0.2,palhoca,SC
93dc87703c046b603023e75222018b45,33,3,8149.35,4.13,0.0909,belo horizonte,MG
ea67327e24487bdfac5fbfa37ea124df,32,1,6250.18,3.53,0.0313,ibitinga,SP
b0b346d3a89f5eb4c2968af3f083cd43,9,4,469.0,3.78,0.4444,campinas,SP
72c5da29406b4234927b81855e7b64f6,31,1,11798.69,4.13,0.0323,guarulhos,SP
ffa6adafb71b807dc13159e26431354c,17,0,2500.9,3.94,0.0,londrina,PR
5cbbd5a299cab112b7bf23862255e43e,36,0,2726.06,4.28,0.0,pinhais,PR
32f1bb9dfa65bc7df5c0d9d95a616be4,4,1,246.49,4.0,0.25,sao paulo,SP
6a38087bc8ad4f89ff453561005f6dea,15,0,1833.43,4.6,0.0,anapolis,GO
cac63f48c38cd7d002a7e846dcd99a23,10,0,874.0,4.8,0.0,sumare,SP
5bffbafbb22daf6d3bfc216a46db8708,21,0,5239.7,4.76,0.0,nilopolis,RJ
28405831a29823802aa22c084cfd0649,6,0,210.0,4.5,0.0,sao paulo,SP
8060d731897e33b5c5ae575ce1e209e1,5,0,199.5,4.8,0.0,blumenau,SP
3a490ba60afa30ece0e7d50cfe74a4f0,8,0,1529.2,4.63,0.0,belo horizonte,MG
5def4c3732941a971cba8fdee992ede1,5,0,134.8,4.6,0.0,sao paulo,SP
89de2d6f23e9746ff309705b23581faa,8,0,340.0,2.71,0.0,londrina,PR
95ec4458365c4d11f452ccf538377619,27,1,1866.76,4.62,0.037,limeira,SP
3076499bbc033a927bf4a8a41bcf7fd4,7,0,359.33,4.29,0.0,auriflama,SP
e7df4cd29ab5abab70fb0783ddb53987,23,4,9608.7,4.3,0.1739,sao paulo,SP
180c3376aff0e43dd5788709df48a843,5,1,4513.0,4.4,0.2,sao paulo,SP
08d0949a9a17c027262db1f3c450c26c,12,0,324.8,3.71,0.0,cascavel,PR
35857757f553273b1056c1cabdace7fb,6,2,454.6,4.0,0.3333,ribeirao preto,SP
9c7fd21e0aa159b20da593371f08ff7c,7,1,798.3,3.29,0.1429,osasco,SP
d25aa0aaacb370e912f8cf6efeba38b3,17,1,2658.45,4.47,0.0588,massaranduba,SC
65b081a070633e057c462abdd6fb9dd8,19,0,1885.09,4.32,0.0,morrinhos,GO
55c96925041a14097b6a7825554f4ad5,5,2,170.0,4.6,0.4,sao paulo,SP
59cea8e446d3834393058e7e0666b6fb,10,0,696.6,4.6,0.0,maringa,PR
6f229cc508fc6915ed5c499efd93baa4,13,2,2654.8,4.38,0.1538,rio de janeiro,RJ
aeb36d67f1414f234d42a29e27cf1f17,4,1,3263.8,4.5,0.25,santo andre,SP
bac692d6c0ed08467878018e6cc9c26c,1,0,477.0,4.0,0.0,blumenau,SC
26b482dccfa29bd2e40703ba45523702,3,0,344.78,5.0,0.0,santa barbara d´oeste,SP
8a2d12a90e92f012ce5226fc6592b653,18,0,1594.65,4.59,0.0,curitiba,PR
8e2b3afb420011ef0c88c9d5f11ea526,11,1,1384.5,4.27,0.0909,campinas,SP
a2fa0bdc798ee84cdb08281337cf4fb6,8,0,354.86,4.75,0.0,florianopolis,SC
0bfd0b434243adc5c2e1aa6baf19c6aa,6,0,371.2,3.67,0.0,rio de janeiro,RJ
87d73636a3acf123e842bb890a4db036,1,0,269.9,5.0,0.0,nhandeara,SP
77fccaae319668a8ab6cd0fd16aec48c,11,0,1667.0,4.45,0.0,campos dos goytacazes,RJ
e1643dff33666ca629e3644c02738179,3,0,170.0,4.33,0.0,sao paulo,SP
babcc0ab201e4c60188427cae51a5b8b,1,0,79.0,5.0,0.0,porto ferreira,SP
0725b8c0f3f906e58f70cbe76b7c748c,16,6,2161.52,3.66,0.375,guarulhos,SP
ff82e8873fba613f2261a9acc896fd84,4,0,124.6,3.5,0.0,itabira,MG
c794dab4928dd97beb41d05514441e86,16,2,1312.4,4.38,0.125,artur nogueira,SP
f021c962aaba8ef6eb527a9c2c8394d1,5,0,4398.5,4.2,0.0,itajai,SC
63ffcb71394dd8ea3872ed9ffda17c74,17,1,399.0,3.18,0.0588,itaborai,RJ
432c67955c0acd1fd6b0b5d678766a71,1,0,389.0,5.0,0.0,sao paulo,SP
228e4c1a0be164f613d41c24345f9d2c,5,0,539.7,5.0,0.0,bandeirantes,PR
dc64d75cc406bb0697be983831430e60,4,0,813.0,4.75,0.0,belo horizonte,MG
4170f6a9367e6b5d6401d03ce6d54569,4,1,568.78,4.0,0.25,brasilia df,DF
d197aa8fbc64087f61984deef05f6227,6,0,519.09,4.83,0.0,sao jose dos campos,SP
3d01d1c414c44b5943a09619ff3853cb,4,0,303.6,4.5,0.0,campinas,SP
6c7d50c24b3ccd2fd83b44d8bb34e073,112,2,8445.96,4.45,0.0179,presidente prudente,SP
ef506c96320abeedfb894c34db06f478,316,27,9556.5,3.96,0.0854,sao paulo,SP
f7ccf836d21b2fb1de37564105216cc1,69,7,2748.4,3.85,0.1014,ibitinga,SP
4b5f66b7adcf57f1ecc0d3c07dd6b177,23,1,6381.78,4.09,0.0435,vendas@creditparts.com.br,PR
88460e8ebdecbfecb5f9601833981930,246,48,31320.4,3.44,0.1951,maringa,PR
900ba814c251a692506d7834c1218441,86,12,28833.03,4.23,0.1395,salto,SP
3442f8959a84dea7ee197c632cb2df15,3,1,218.7,3.0,0.3333,campinas,SP
4e17c65a516f69d023a2ae78b84f28d6,61,4,7639.26,4.23,0.0656,suzano,SP
8bd0f31cf0a614c658f6763bd02dea69,33,1,4455.34,4.28,0.0303,sao paulo,SP
d354c38a7182125a748cb10474fe963b,17,1,1500.34,4.38,0.0588,aperibe,RJ
36890be00bbfc1cdb9a4a38a6af05a69,13,3,1361.3,4.23,0.2308,osasco,SP
e9bc59e7b60fc3063eb2290deda4cced,209,23,33543.69,4.08,0.11,maringa,PR
3be634553519fb6536a03e1358e9fdc7,80,7,5231.02,4.03,0.0875,sao paulo,SP
6d66611d7c44cc30ce351abc49a68421,164,10,13428.6,3.97,0.061,sao paulo,SP
1025f0e2d44d7041d6cf58b6550e0bfa,910,92,138208.56,4.01,0.1011,sao paulo,SP
1c129092bf23f28a5930387c980c0dfc,200,11,9528.62,4.25,0.055,sao paulo,SP
c826c40d7b19f62a09e2d7c5e7295ee2,346,33,44653.04,4.13,0.0954,guarulhos,SP
1e8b33f18b4f7598d87f5cbee2282cc2,122,6,17233.56,4.4,0.0492,sao paulo,SP
272f092de69afedd4d2969440b37f18f,25,0,1846.33,3.94,0.0,sao paulo,SP
f214d28e8d8e3ef068748498ccc2f813,52,4,2152.43,4.27,0.0769,sao paulo,SP
0cbcee27c791afa0cdcb08587a2013a8,37,4,5054.15,4.0,0.1081,tres coracoes,MG
048c2757535328e0d7dac690ad3c0aae,50,7,9065.08,4.24,0.14,franca,SP
34d1ca11b242c0fee2c834ae8d788566,40,0,13422.24,4.33,0.0,congonhas,MG
ff1e15b778c700abdd4d239b81ac466d,7,0,414.3,4.57,0.0,curitiba,PR
318f287a62ab7ac10b703ac37435a231,51,5,2432.48,3.92,0.098,sao paulo,SP
bba74270a87732727b5a3b4fd9ac1c39,35,0,5964.6,4.06,0.0,betim,MG
4e7c18b98d84e05cbae3ff0ff03846c2,81,4,9038.9,4.21,0.0494,jaboticabal,SP
fe2032dab1a61af8794248c8196565c9,293,26,65689.71,4.39,0.0887,campinas,SP
fb89df7f89fd1b8f03fa2acca1ba7364,22,2,2220.0,3.86,0.0909,foz do iguacu,PR
02f5837340d7eb4f653d676c7256523a,30,1,3883.05,4.83,0.0333,curitiba,PR
53243585a1d6dc2643021fd1853d8905,348,15,217940.44,4.19,0.0431,lauro de freitas,BA
236585a4ddb5fea9fa40233e2249ed91,11,1,649.53,4.09,0.0909,caxias do sul,RS
822bad9bc42b51213ba522fe87b7ab5d,18,5,5160.0,4.11,0.2778,balneario camboriu,SC
855668e0971d4dfd7bef1b6a4133b41b,300,42,30849.22,3.85,0.14,itatiba,SP
1da3aeb70d7989d1e6d9b0e887f97c23,261,15,8691.56,4.17,0.0575,sao paulo,SP
1d503743d2526f03f0c2c89540ee008c,12,1,516.04,3.92,0.0833,sao paulo,SP
daeb5653dd96c1b11860f72209795012,38,3,1864.1,4.25,0.0789,belo horizonte,MG
4e5725ba188db8252977a4f0227bd462,21,6,1865.09,3.52,0.2857,ribeirao preto,SP
aac51c486b672a9850d59f3e84b1cf88,10,0,728.28,4.8,0.0,sao paulo,SP
42fa4ee7240e9b8eb4576358ec142ba7,22,0,3845.7,4.81,0.0,caxias do sul,RS
f680f85bee2d253556ac91be391d2c82,45,1,5183.92,4.33,0.0222,carapicuiba,SP
e21a1e8be4715b0fcfd5385643bc49c4,20,0,673.7,3.7,0.0,jaguaruna,SC
e5f9e61ceb5f523cc966e0f34095032f,4,1,2238.0,4.0,0.25,brusque,SC
2c9e548be18521d1c43cde1c582c6de8,124,20,6013.56,4.13,0.1613,mogi das cruzes,SP
c72de06d72748d1a0dfb2125be43ba63,21,0,17522.0,4.48,0.0,guanambi,BA
1f9ab4708f3056ede07124aad39a2554,76,4,13312.93,4.09,0.0526,tupa,SP
8bb48dc19fccaa8613b6229bf7f452a2,82,2,4190.72,4.41,0.0244,assis,SP
08d2d642cf72b622b14dde1d2f5eb2f5,16,3,909.0,4.31,0.1875,marilia,SP
f4a04f7be452aa3bb31760bf00055dd0,18,1,1312.1,4.67,0.0556,santo andre,SP
a1474fd46fd3430168f7ec202da39408,12,2,2752.5,4.33,0.1667,pinhais,SP
ac6417315ae5da8f9a38ee11de6f7780,7,1,716.4,4.14,0.1429,aruja,SP
a35ef466c6fd6d052f5d241240d3c5e2,3,0,569.9,4.67,0.0,novo hamburgo,RS
26af45f5dfd967225a832838aa4e24a3,10,0,573.1,4.1,0.0,curitiba,PR
26bad72add1f86e08a776ce4ffdaf1ca,7,0,622.0,4.43,0.0,pedregulho,SP
b87a7ea0c30fad2dd6781b74a0064859,9,3,515.4,3.44,0.3333,sao paulo,SP
3f3486b61f45078d4f31ee5e43d8c5bb,39,6,3769.73,4.33,0.1538,sao paulo,SP
56e361f411e38dcef17cdc2a3d99628b,5,1,1298.0,4.0,0.2,guarulhos,SP
9a03a4e9eb0b947652fae4f6121a3f5e,7,1,1497.0,3.86,0.1429,catanduva,SP
d921b68bf747894be13a97ae52b0f386,77,1,15645.8,4.56,0.013,formiga,MG
9853a239ab7b7ebbdc3a21248d5b8e1f,4,1,242.0,3.75,0.25,campo largo,PR
d9442042130b7fe579d1295f9f4a248f,19,1,772.16,4.37,0.0526,sao paulo,SP
a21c11ec5c3f03e7cc9f9203bff9e1c6,3,0,385.0,3.67,0.0,santana de parnaiba,SP
6a8a889bde935bafa76d7848782dfaf9,26,2,860.82,4.04,0.0769,sao paulo,SP
9b00ed88b7fdb95d6ff76e27c1b52d16,46,3,1567.88,4.54,0.0652,sao paulo,SP
41c2bad7229b0c25e6becf179ebf63ff,20,0,782.0,4.95,0.0,natal,RN
c6381d2d013342748761e906d45aff76,15,0,2042.98,3.87,0.0,portao,RS
5b0cc932433fa5184b5b94bfe6bcc256,12,3,1437.8,3.58,0.25,ibitinga,SP
3a734b715d333a2588a3d54a0c9b8746,15,1,2121.52,4.53,0.0667,osasco,SP
6d803cb79cc31c41c4c789a75933b3c7,58,4,8711.4,4.25,0.069,sao joaquim da barra,SP
af3ef48d0e13835e529c29ac573c63e5,21,1,1405.63,3.76,0.0476,araraquara,SP
2a7dc43cecabf23403078e2188437d1d,52,4,4795.91,4.1,0.0769,sao paulo,SP
2e1a7d075abe038c1b2743005fe42ff1,18,3,1366.8,4.22,0.1667,sao paulo,SP
596849622429351f47b32e6cae1055ff,13,0,1069.8,4.08,0.0,mogi das cruses,SP
817245bcc3badd82bbd222e0366951a6,28,1,5345.6,4.11,0.0357,bauru,SP
3b872fd4747f01cc56206f2934198618,25,4,2726.74,3.88,0.16,ibitinga,SP
83deb69e889cf80f82be1dc6d5f2d486,40,2,5363.01,4.33,0.05,florianopolis,SC
8090490573c6c0aa343a7231ebcb8c86,26,2,3871.12,4.19,0.0769,sao paulo - sp,SP
f1ed6bd0a9b11b581f16c851c6a5a527,17,1,1622.77,4.41,0.0588,porto alegre,RS
ed4311e67debd72b8610a5347a743087,25,2,3636.0,4.63,0.08,guarulhos,SP
81336a0f57a33776419727a300249e90,15,3,1351.9,4.07,0.2,sao carlos,SP
ed859002ad59dbf8cf3602696a6c3000,6,0,2063.9,4.17,0.0,londrina,PR
2f74af7a0ee5636f12c2336f9fffed47,13,0,560.7,4.31,0.0,sao paulo,SP
238fac594e170b59c6d228f5a4f4f1d9,29,3,3126.0,4.0,0.1034,dois corregos,SP
1dfe5347016252a7884b694d4f10f5c4,20,5,1632.5,3.4,0.25,ibitinga,SP
730937bf88cb151eb2eb849f642fc213,22,1,2821.2,4.41,0.0455,rio claro,SP
0015a82c2db000af6aaaf3ae2ecb0532,3,0,2685.0,3.67,0.0,santo andre,SP
82bd0703a4aefd6b599e5bfdaed378fb,20,1,2394.28,4.0,0.05,marilia,SP
c2d70ce2c5d0a2eb75e78668236e6dc8,13,0,2470.9,4.62,0.0,sao paulo,SP
a6bd7d1ccdac48c6b33b28596b7eb122,15,2,13669.11,3.5,0.1333,mamanguape,PB
e5475dcab1e07b63d7f6e902d8f5eda8,19,1,2192.0,4.11,0.0526,diadema,SP
bbf4a892cac7b82422baa711dffb8997,1,0,70.0,5.0,0.0,curitiba,PR
04e38a233f726ef161074ab1c9b0399a,19,3,991.6,4.11,0.1579,sao paulo,SP
7daca0837f033a41a6f3428c18657533,7,2,1228.98,3.57,0.2857,tanabi,SP
6879c4d287a8dd06b11f54ea8f78e4da,6,0,527.67,4.33,0.0,osasco,SP
d297f1055de2956aedfd3b04113dce3e,1,0,54.3,4.0,0.0,nova odessa,SP
59417c56835dd8e2e72f91f809cd4092,18,0,36459.0,4.28,0.0,limeira,SP
76ea5315acb3f5f7ade3cd261faf922a,15,1,1087.06,4.27,0.0667,sao paulo,SP
3f9c56764fabca627406093dcb3ef0b4,7,0,909.3,4.71,0.0,rio de janeiro,RJ
ad97a199236354e53fcd91a5a913e9a2,16,2,12446.85,4.5,0.125,brusque,SC
888faa8bfb0b159c37de6d898b961c31,19,0,2418.3,4.21,0.0,braco do norte,SC
eba88037e1dca898cd02881f67ced679,6,1,838.1,4.33,0.1667,sao paulo,SP
31be790e64fc99f8ff48ec2bd18a3104,6,2,241.4,4.33,0.3333,sao bernardo do campo,SP
bd4889b5e9133b35b66e42a8665cea5c,36,0,6271.9,4.4,0.0,sao paulo,SP
cd06602b43d8800bd0afad514919d35c,43,2,2555.31,3.74,0.0465,sao paulo,SP
4677a5437afda5fa7140b927b07be1cc,11,1,3415.7,4.36,0.0909,japira,PR
0ff83046c3fa22efee8ecf291888b191,10,0,768.9,4.8,0.0,caxias do sul,RS
df47da4ae86fa4db890d05aaf24e21d8,5,0,310.5,4.2,0.0,sao paulo,SP
1354d51653f645349064725ed204e85e,18,1,2410.0,3.89,0.0556,sao paulo,SP
2e7ea2aafec5835e781b21d6d1faf1f1,7,1,528.4,4.5,0.1429,sao paulo,SP
13f57c12a00ed4610db646b913a7f5c6,7,1,645.2,4.86,0.1429,santos,SP
dfc475d54e1b6dbeeb7d7d9bdaa63827,18,1,1708.37,4.5,0.0556,curitiba,PR
d7d517afce974cd491b8d52bb5b5b1fc,1,0,89.99,4.0,0.0,sao paulo,SP
1a932caad4f9d804097d7f8e615baed1,20,4,4661.0,3.9,0.2,sao paulo,SP
fce62094ffe6a4009188ec44e681dfdd,4,1,2969.7,4.0,0.25,sao paulo,SP
fc59392d66ef99377e50356ee4f3b4e1,5,0,519.99,3.6,0.0,salvador,BA
ba89796db68db180bd389de96b2ff3b6,2,0,309.8,5.0,0.0,sao paulo,SP
49e7217cfe4e427191c378ec626d8737,12,0,2868.8,4.08,0.0,formiga,MG
7c5b05cbdb5542049f38d90d7815b97d,21,1,993.97,4.52,0.0476,sao paulo,SP
b2c97074649f92197d9387d9033dda5f,10,1,684.71,4.7,0.1,botucatu,SP
f356c348fbc8df6a882823e21f5ce8b7,2,0,195.18,2.5,0.0,canoas,RS
c003204e1ab016dfa150abc119207b24,195,13,24904.29,4.47,0.0667,cajamar,SP
1900267e848ceeba8fa32d80c1a5f5a8,406,42,24639.57,3.87,0.1034,ibitinga,SP
1127b7f2594683f2510f1c2c834a486b,110,3,6669.7,4.19,0.0273,campinas,SP
37be5a7c751166fbc5f8ccba4119e043,269,7,54735.55,4.32,0.026,sao paulo,SP
620c87c171fb2a6dd6e8bb4dec959fc6,722,72,112461.5,4.31,0.0997,petropolis,RJ
7b07b3c7487f0ea825fc6df75abd658b,91,4,9259.47,4.42,0.044,sao paulo,SP
080199a181c46c657dc5aa235411be3b,79,2,14504.2,4.62,0.0253,osasco,SP
6560211a19b47992c3666cc44a7e94c0,1819,117,120702.83,3.98,0.0643,sao paulo,SP
0adac9fbd9a2b63cccaac4f8756c1ca8,106,7,15557.6,4.09,0.066,louveira,SP
7d13fca15225358621be4086e1eb0964,558,68,112436.18,4.04,0.1219,ribeirao preto,SP
688756f717c462a206ad854c5027a64a,81,7,5837.67,3.89,0.0864,guarulhos,SP
b4ffb71f0cb1b1c3d63fad021ecf93e1,143,3,6635.69,4.25,0.021,sao paulo,SP
609e1a9a6c2539919b8205cf7c4e6ff0,87,2,6595.23,3.81,0.023,brusque,SC
b81e3a6c866a764974fe849821abeebd,8,0,836.15,4.63,0.0,maua,SP
53b0300ca793f9834cd69c0678d35ee8,5,0,1662.15,5.0,0.0,indaiatuba,SP
df560393f3a51e74553ab94004ba5c87,26,2,3429.78,3.88,0.0769,loanda,PR
beadbee30901a7f61d031b6b686095ad,64,16,4373.98,3.91,0.25,guarulhos,SP
f45122a9ab94eb4f3f8953578bc0c560,184,14,21764.68,3.97,0.0761,piracicaba,SP
db4350fd57ae30082dec7acbaacc17f9,136,5,3304.32,4.16,0.0368,sao paulo,SP
4c18691b6037662be2df78a765d98ab5,63,5,3195.52,3.87,0.0794,sao paulo,SP
004c9cd9d87a3c30c522c48c4fc07416,156,13,19569.73,4.16,0.0833,ibitinga,SP
312ba1d77e9c332ef21f9598b7f64cd7,7,4,513.0,3.14,0.5714,guarulhos,SP
bd0389da23d89b726abf911cccc54596,87,7,7472.16,4.17,0.0805,brasilia,DF
0249d282d911d23cb8b869ab49c99f53,11,2,393.0,4.27,0.1818,sao paulo,SP
7e1fb0a3ebfb01ffb3a7dae98bf3238d,155,20,26169.53,4.19,0.129,franca,SP
93b9a99027bd8bd6af682aff18dd19bf,19,0,1916.0,4.11,0.0,mairipora,SP
c3867b4666c7d76867627c2f7fb22e21,228,27,34666.9,4.08,0.1184,guara,SP
7299e27ed73d2ad986de7f7c77d919fa,335,16,34107.44,4.43,0.0478,araguari,MG
86bb7c4b535e49a541baf3266b1c95b1,16,3,8162.4,3.2,0.1875,franca,SP
7d7d2b7a51328016102d4528c411d630,7,1,918.8,4.14,0.1429,ibitinga,SP
7f7b8245c336066a1f9933c359f11d77,38,1,2094.36,4.55,0.0263,mogi mirim,SP
0ffa40d54288e4f3499b8780dd0f144f,33,5,2162.8,4.48,0.1515,presidente prudente,SP
b18871c324516afa228a13e8f1ef0ae9,9,1,1064.6,3.44,0.1111,sao paulo,SP
42b729f859728f5079499127a9c2ef37,103,8,4096.96,4.48,0.0777,sao paulo,SP
244b04680fdbded0acf5aebd9c92b44a,2,1,1701.8,1.0,0.5,jundiai,SP
00fc707aaaad2d31347cf883cd2dfe10,103,5,12684.9,4.06,0.0485,maringa,PR
8b2492b7ff4468839593fafeed55bad9,29,2,3660.08,4.17,0.069,sao goncalo,RJ
094ced053e257ae8cae57205592d6712,19,0,1519.2,4.05,0.0,ribeirao preto,SP
0d85bbda9889ce1f7e63778d24f346eb,51,6,4845.2,4.2,0.1176,uberlandia,MG
b6e1504972665f739dec4facb9943775,14,1,1484.48,4.36,0.0714,piracicaba,SP
97e995629983723d11830a829bc2b246,5,0,499.5,4.8,0.0,lorena,SP
6c17baf138731a4aaacc3210adf2037b,4,0,538.8,5.0,0.0,franca,SP
0e44d110fa6a54e121cb2c095a77762f,6,1,223.32,4.33,0.1667,francisco morato,SP
e48cc16ab70bfa09e1401740dce0b3d7,14,1,1084.83,3.57,0.0714,aracatuba,SP
e2aee0892199b1d92530e371abd825bf,36,5,5392.77,3.89,0.1389,rolandia,PR
6b90f847357d8981edd79a1eb1bf0acb,45,2,3322.08,4.36,0.0444,guarulhos,SP
8cbac7e12637ed9cffa18c7875207478,66,4,2955.98,4.17,0.0606,jaragua do sul,SC
6902157ee16728322d61a1321fa79e58,2,0,159.8,3.0,0.0,sao paulo,SP
81f89e42267213cb94da7ddc301651da,46,0,3955.0,3.67,0.0,presidente prudente,SP
59cd88080b93f3c18508673122d26169,10,2,392.33,4.7,0.2,praia grande,SP
06bb3a2fe5e7b7a845b13e8fb91bd944,17,0,1536.19,4.59,0.0,belo horizonte,MG
fa8d335d68129e464e60c1826a683e96,1,0,139.9,4.0,0.0,tres coroas,RS
a69aa24cec11168e7e39a3fbc727e925,3,0,105.97,5.0,0.0,carapicuiba,SP
11d4c477d09821164bca4f70a2eae031,3,0,83.04,5.0,0.0,ribeirao preto,SP
2a5b78b41cd05baeac8df54c6606b92c,46,1,15554.28,4.54,0.0217,formiga,MG
0ddefe3c7a032b91f4e25b9c3a08fca1,9,0,402.9,4.56,0.0,sao bernardo do campo,SP
718539d38d07dd351c76db862760e2e2,35,0,1273.01,4.63,0.0,campinas,SP
d3891911c2feae53c52fea2bd14054e5,2,0,141.0,5.0,0.0,sao paulo,SP
7b8e8ec35bad4b0ef7e3963650b0a87b,5,1,2244.28,4.8,0.2,tubarao,SC
850913d59ce317156b00f3705f1c3edb,29,5,2183.0,3.59,0.1724,atibaia,SP
3c03b12bab54d8b37d79d914bfdb1aa0,37,6,4236.34,3.83,0.1622,sao joao de meriti,RJ
c5f7feb04a6a1fb3596322bfc3cf1917,11,1,1720.6,4.27,0.0909,sao caetano do sul,SP
d101c6da914ae3d53f7bee42283f2fe2,13,1,1297.4,3.62,0.0769,sao paulo,SP
15aac934c58d886785ac1b17953ea898,25,3,4353.9,4.24,0.12,muqui,ES
e8a85b5f3df47be0984c55fd4064dbb4,8,1,743.0,4.5,0.125,brasilia,DF
8b9d6eec4a7eb7d0f9d579ce0b38324d,48,8,4159.55,4.06,0.1667,mesquita,RJ
5e25c632f9db6cfb8bc100421c2737b6,1,0,259.0,5.0,0.0,chapeco,SC
6aa3928696eab49a19a466e665a649fd,18,1,2075.0,4.61,0.0556,nova iguacu,RJ
883dd81e82754ac2c65e9790a7db8c9a,5,0,319.5,4.4,0.0,curitiba,PR
df91910b6a03bb2e3358fa6a35e32f6f,13,0,2093.2,4.62,0.0,sao paulo,SP
b2ac621f0d0322434d04a12b078b9369,30,3,9575.5,4.4,0.1,curitiba,PR
062c325cd6a2b87845fab56b4ec2eeae,2,0,133.22,5.0,0.0,sao paulo,SP
134a288e7de827ec5ec62e3ec9c3a295,9,0,877.45,4.78,0.0,sao paulo,SP
5b179e9e8cc7ab6fd113a46ca584da81,34,3,5173.5,3.67,0.0882,sao paulo,SP
ab9db4cf53b08b828b64dccaafc2d9f0,4,0,177.78,5.0,0.0,paraiso do sul,RS
bff9deb0ec77d437f3305a79cf25529e,5,0,161.95,4.0,0.0,limeira,SP
a0a14e50070f3225b3eabba5b85da517,4,0,176.2,4.5,0.0,curitiba,PR
dbdd0ec73a4817971d962698f2fea022,16,1,6384.0,4.38,0.0625,fortaleza,CE
6624bc09786f0e41ae48dfc5eeb1a9e2,1,0,89.54,5.0,0.0,belo horizonte,MG
5b85809efd0d0e4dea1a9544e1280ed9,12,0,1804.6,4.25,0.0,presidente prudente,SP
c33a5c3c983090c8b78a28e65052a20d,8,0,559.2,4.13,0.0,criciuma,SC
093805f8f2aeb63881444571e1f48f30,22,1,1215.79,4.18,0.0455,osasco,SP
f615fe7efbef0f4f08fd3086bc7a3e60,22,2,2061.37,4.5,0.0909,atibaia,SP
d5ba419e26d246a0719437cf37d9b46d,33,4,3911.5,4.0,0.1212,sao paulo,SP
07bf9669d84d1f11be443a9dd938f698,18,0,1776.0,3.72,0.0,sao paulo,SP
7bcd7c5f8631701474db233ccf1c094b,8,1,419.0,4.38,0.125,sao paulo,SP
2d2322d842118867781fc737e96d59a1,8,1,176.4,4.88,0.125,sao paulo,SP
d9e8c084b68fe958861d8f2c21202e6b,9,0,3050.0,4.33,0.0,sao paulo,SP
889009a0ed0bb52c87819941192931b8,1,0,89.9,4.0,0.0,lencois paulista,SP
51702dc2a3e106c76dbff722b5bf0726,13,0,2705.1,4.31,0.0,conchal,SP
a44fb5a447105f8469bdf16bf9159f25,19,5,3706.1,4.05,0.2632,porto alegre,RS
f664f98bfda2eaf266a23ff144e7a872,2,0,153.99,3.0,0.0,sao paulo,SP
10076e5788b8ee532724bcd460baf762,23,1,821.48,4.57,0.0435,batatais,SP
2cb4700db635baa1c0d4f90ed27b6669,2,0,199.8,2.0,0.0,curitiba,PR
5011f0d93373a4c5753adf58ca77af8d,11,1,859.52,4.09,0.0909,santos,SP
e0a3c37054ade6478d923a6efc10f308,2,0,219.8,5.0,0.0,camboriu,SC
e8dba4d70f7f2b20e775d09cae01142d,9,1,855.91,4.33,0.1111,santa barbara d oeste,SP
3fac58ce0ad699020c7944d53c41329c,10,2,1244.95,4.4,0.2,sao paulo,SP
6bd503a8230299c9316fb0f726933927,4,1,324.29,4.75,0.25,morrinhos,GO
8e34331b7eedd03be4e5d965c1956225,5,1,145.0,4.8,0.2,sao paulo,SP
cb32766839f443db85c82a43c4a6c19e,2,0,234.0,3.0,0.0,rio claro,SP
515d781150feed28a6ac091bb0e3cb8c,6,0,1002.35,4.17,0.0,campo grande,MS
391bbd13b6452244774beff1824006ed,1,1,63.9,1.0,1.0,campinas,SP
3986c0b54f6b748b75e7bd4e092aa3e5,1,0,24.99,5.0,0.0,curitiba,PR
039e6ad9dae79614493083e241147386,5,1,12925.0,4.0,0.2,sao paulo,SP
acb6c2ca5c82411c1fdb88d5fd5eb95e,10,0,413.88,3.9,0.0,sao paulo,SP
ec2e006556300a79a5a91e4876ab3a56,2,1,77.4,1.5,0.5,sao paulo,SP
b080809eaacb49e5ca07290981472431,11,0,424.0,4.82,0.0,belo horizonte,MG
f326006815956455b2859abd58fe7e39,9,0,3147.16,4.67,0.0,fernandopolis,SP
9c1c0c36cd23c20897e473901a8fb149,6,0,544.97,5.0,0.0,praia grande,SP
a5dd1946fb63ada8bcaa0c9cd8f11e22,6,0,219.62,3.83,0.0,caruaru,PE
8f2b51a30523cdecddc2f179f351c7d6,7,0,1027.9,4.14,0.0,sao paulo,SP
fe26f3ecb51a15e6d8335cd92da42562,7,1,2708.96,4.43,0.1429,sao paulo,SP
6f83d9e4da896daae20b9b6b2d3ff8d2,11,0,765.19,4.36,0.0,pinhalao,PR
2e0dba2da448400b1c11d7b4b22f32a4,7,0,235.87,3.14,0.0,santo andre,SP
5abb8ea023c77787f2c15da891c8d384,13,3,2241.0,3.92,0.2308,joinville,SC
340636a908b13bbe0f4fb63fbe1d0c03,3,0,490.5,5.0,0.0,sao jose dos campos,SP
edf96ef93ed595084bbcbd9224bd2894,25,3,3757.0,3.88,0.12,sao paulo,SP
e9779976487b77c6d4ac45f75ec7afe9,645,47,42229.69,4.26,0.0729,praia grande,SP
240b9776d844d37535668549a396af32,35,2,13332.09,4.34,0.0571,niteroi,RJ
525e75a6fb1454a2325ab1734bcec221,9,0,607.17,3.89,0.0,barueri,SP
6edacfd9f9074789dad6d62ba7950b9c,205,12,12966.4,4.39,0.0585,guarulhos,SP
72c73be2b085b9d57650dd53eb2004c9,1,0,29.4,5.0,0.0,sao paulo,SP
8daab2245ebdc277c51098d01c5ad8ef,16,1,1604.59,4.63,0.0625,sao paulo,SP
ec80e49e69745ab6c14f984bf2149423,12,2,3709.0,4.0,0.1667,limeira,SP
89bc797e2e29667aa035d4368f9b7f92,16,3,392.4,3.88,0.1875,sao paulo,SP
6a0cbc8af2e8abd1bdfb777943d174c6,34,3,3788.15,4.03,0.0882,batatais,SP
725c32fa80c2faacc4fc88450d27314e,89,1,7838.88,4.52,0.0112,sao paulo,SP
6061155addc1e54b4cfb51c1c2a32ad8,28,1,15633.4,4.64,0.0357,campinas,SP
3361277dc30b7cccdb0c286b24219756,29,2,3905.05,4.34,0.069,maringa,PR
01fdefa7697d26ad920e9e0346d4bd1b,128,8,14802.53,4.38,0.0625,londrina,PR
198c7ea11960a9844b544d9bcdca860c,25,3,1733.75,3.88,0.12,jacutinga,MG
aaed1309374718fdd995ee4c58c9dfcd,104,3,9345.45,4.06,0.0288,timbo,SC
835f0f7810c76831d6c7d24c7a646d4d,42,13,4990.2,3.36,0.3095,sao paulo,SP
3d8fa2f5b647373c8620330c4e077a9f,42,1,3501.74,4.23,0.0238,sao paulo,SP
8b28d096634035667e8263d57ba3368c,139,16,9025.3,4.01,0.1151,sao jose dos campos,SP
8f119a0aee85c0c8fc534629734e94fd,75,4,3578.88,4.28,0.0533,barueri,SP
709e16e2b25c7474d980076c6bfc4806,60,2,5151.9,4.52,0.0333,birigui,SP
bba3293d6f5d5af2f415e004e8b93ae3,17,1,11702.1,4.29,0.0588,sao paulo,SP
6a8b085f816a1f75f92dbac6eb545f8f,125,12,5884.17,4.17,0.096,bebedouro,SP
218d46b86c1881d022bce9c68a7d4b15,382,36,53710.3,4.19,0.0942,ribeirao preto,SP
70c27847eca8195c983ed7e798c56743,77,7,12077.52,4.23,0.0909,rio de janeiro,RJ
d2f3e277560ed4c6361284429b00f037,7,0,320.55,4.71,0.0,atibaia,SP
92eb0f42c21942b6552362b9b114707d,334,27,6416.41,4.02,0.0808,sao paulo,SP
784ba75dd9d20200c4caed3d7a77141a,19,2,8142.33,4.13,0.1053,sao paulo,SP
fcf16b7a8697e559f0123190bb30177d,3,2,1052.8,3.33,0.6667,sao paulo,SP
8a9260f2b0340411d6d2a56bcf4f7378,8,1,1256.0,4.75,0.125,contagem,MG
76d5af76d0271110f9af36c92573f765,128,12,31944.6,4.13,0.0938,sao paulo,SP
f84fa566034f5e8e880a07ec624c56af,89,12,4993.91,4.25,0.1348,indaiatuba,SP
ebd2d60905fb58271facef5596b620d3,82,3,7713.02,4.23,0.0366,lencois paulista,SP
9646c3513289980f17226a2fc4720dbd,69,2,2964.4,4.45,0.029,sao jose dos campos,SP
fe701d88b67eaca109dffd464d1be9f9,10,1,1359.0,4.3,0.1,marica,RJ
4ba52dfeba874da5b9ee7b17c7494f04,11,1,1463.0,4.36,0.0909,mogi das cruzes,SP
dc4a0fc896dc34b0d5bfec8438291c80,225,15,23655.98,3.82,0.0667,ibitinga,SP
ea00f977a203ff88adf7057cb7806998,18,2,381.73,4.28,0.1111,santos,SP
acce39e832338debb07b02385cde5967,44,0,4748.1,4.48,0.0,contagem,MG
31344c16881c08a8a72c6d2eb29918c1,42,2,9365.8,4.43,0.0476,uba,MG
a3dd39f583bc80bd8c5901c95878921e,34,1,4607.81,4.59,0.0294,salvador,BA
f5a590cf36251cf1162ea35bef76fe84,113,12,51232.78,4.27,0.1062,sao bernardo do campo,SP
aafe36600ce604f205b86b5084d3d767,129,6,9251.4,4.4,0.0465,sao jose,SC
9261d76c62caaf0b24677c2ceb7f8f20,6,0,968.7,3.83,0.0,palhoca,SC
bf3c6d2a28b2b5501e6c15448982dcc9,35,1,3956.5,4.6,0.0286,sao paulo,SP
05ff92fedb5be47920fea08e501238b9,57,3,21235.98,4.32,0.0526,santo angelo,RS
024b564ae893ce8e9bfa02c10a401ece,2,0,706.4,4.5,0.0,sao paulo,SP
1771297ac436903d1dd6b0e9279aa505,28,1,2881.27,4.63,0.0357,guarulhos,SP
7008613ea464bad5cb9b83456e1e6a8f,123,6,7538.7,4.28,0.0488,canoinhas,SC
cee48807215b30a12ca2ca10ffb5f250,39,6,7212.23,3.77,0.1538,guaruja,SP
e4ebd3f87bf70440014f07ddda7fbe03,7,1,671.5,4.57,0.1429,presidente epitacio,SP
bede56095ba33c42038fb85f707b8a42,2,0,3973.9,4.5,0.0,valinhos,SP
77714512e8d4dda9c234da8e3faf16e4,4,0,243.4,4.25,0.0,guarulhos,SP
9d7a1d34a5052409006425275ba1c2b4,13,1,1054.82,4.38,0.0769,franca,SP
e49c26c3edfa46d227d5121a6b6e4d37,34,0,3624.35,4.56,0.0,brejao,PE
02f623a8eb246f3c5f7c2f96462654e6,44,4,6378.0,4.56,0.0909,botucatu,SP
c679fb69a36e1d8349e8c50a217b4d58,14,2,1825.68,3.85,0.1429,caxias do sul,RS
0747d5bb69f0586cc869d8af4c50f93e,12,1,322.8,3.75,0.0833,saquarema,RJ
e81e1f9c3e762e620f3fb60a51499e16,17,1,4465.99,4.0,0.0588,curitibanos,SC
8d899e15a5925f097cca50faa49b15e3,4,1,645.0,3.75,0.25,sao roque,SP
ff4e2d38692ce827b1a4f4b8196e680d,11,0,518.9,4.27,0.0,sao paulo,SP
70849ca4f400aaabb62cb7462a6f1428,12,2,909.58,4.42,0.1667,belo horizonte,MG
293dee954235e4e4e43f129313625ebe,8,0,1778.92,5.0,0.0,brasilia,DF
07de60b03d150fb3ea09eab5da5e4c8b,9,1,719.1,4.33,0.1111,ibitinga,SP
23ca5f678e0b3ea6c630b30fa8bf51ea,6,0,183.0,5.0,0.0,sao paulo,SP
9fc70243fb26800cba56e8f014797004,6,0,466.6,4.5,0.0,belo horizonte,MG
da6a60cc8cc724fe51be021ff8be779c,12,0,728.79,4.75,0.0,sao pedro da aldeia,RJ
b2a6d334e2833acea353624840e25a0e,25,0,1650.98,4.48,0.0,sao paulo,SP
134285d1f41da5c13a756ee8142c8a4e,3,0,1572.7,3.33,0.0,sao paulo,SP
714b9a1332840f257b49f476bea4e341,6,2,1499.94,3.33,0.3333,monte alto,SP
f3295428338a40977a03f555246a70f4,7,2,644.98,3.57,0.2857,vitoria,ES
fcdd820084f17e9982427971e4e9d47f,16,2,4783.99,3.94,0.125,ribeirao preto,SP
cb41bfbcbda0aea354a834ab222f9a59,11,4,3792.0,3.27,0.3636,sao paulo,SP
3586b8580d9c917874e053a1bb37b5ff,36,1,1524.7,4.42,0.0278,araraquara,SP
c878515173c84a492ebe50d6b493230b,9,2,1118.84,4.11,0.2222,itaipulandia,PR
5e49e3a44bdeb5aab2684258bbd4f525,3,1,507.0,4.67,0.3333,balenario camboriu,SC
f4c4daa86e30c7e5a553a8d518ac03a5,18,1,5984.31,4.0,0.0556,cascavel,PR
c35672b10ad50968f567ea3f4b91e877,18,1,1150.57,4.5,0.0556,mesquita,RJ
044668ccd5316b12a7cf0d54a156e3e9,3,0,137.8,5.0,0.0,osasco,SP
ed8cb7b190ceb6067227478e48cf8dde,15,1,573.5,3.4,0.0667,santos,SP
d1ef48b38baca7e831711c4a0aeb398f,28,3,1439.13,4.57,0.1071,apucarana,PR
94ca168e8bcb407ab85c5da308863027,5,0,224.3,5.0,0.0,clementina,SP
5bc55dbe2f12b6af6d83ed46023e0dc8,17,4,2992.1,2.41,0.2353,coronel fabriciano,MG
99a54764c341d5dc80b4a8fac4eba3fb,44,9,3578.76,3.67,0.2045,sao paulo,SP
21d59342ba150175ca2aa4f8faddeca6,2,0,259.9,4.5,0.0,itaquaquecetuba,SP
eed78ac17f7f795a19a709745f00cd4e,22,0,4349.5,3.77,0.0,botucatu,SP
638cba8be1fb599bbb76fd6948351eb3,16,0,535.4,4.69,0.0,sao jose dos campos,SP
a8739afb32aaa45e01815ca76f76f54b,13,1,298.83,3.77,0.0769,sao bernardo do campo,SP
6dc9bec584588412a6a338830946a3e4,1,0,280.0,2.0,0.0,sao paulo,SP
960945e1a9535cbc0cd6ddd35fbe7ae8,28,0,3381.73,4.64,0.0,sao paulo,SP
c70a353f02429c00775a46a75fb787da,6,0,242.0,4.67,0.0,sao paulo,SP
4978a02ea9c8be7a9b5480680f40334e,18,0,2356.61,3.56,0.0,sao paulo,SP
a2deecd5398f5df4987110c80a1972a3,13,0,623.81,4.27,0.0,sao paulo,SP
9e6967d3cf386d284251784b18ccb485,9,1,517.67,3.89,0.1111,sao caetano do sul,SP
f67efa3f0b6761102a7f8c6b7b571f5d,31,0,5188.68,4.48,0.0,curitiba,PR
2a7c6c0b0d5efde2bf75ec1e1cec2d41,3,0,147.6,3.33,0.0,maringa,PR
f25e239052084705e17a982bc600ab2a,8,0,7380.0,4.25,0.0,sao paulo,SP
b127efdabeffb5d559349c7b172eb75d,10,1,308.5,4.8,0.1,sao paulo,SP
b83cedfb587e7911540e3f576d6917ce,24,2,2224.95,4.21,0.0833,sao paulo,SP
dace965ca58120f92f8d742a9fa1864b,8,0,1442.0,4.63,0.0,sao paulo,SP
082e0bf4cb865a6533b1e8e498cc0255,11,2,2073.3,3.27,0.1818,botucatu,SP
8a87611c08849ffeeccab52aa798b6c7,6,0,587.9,4.67,0.0,curitiba,PR
33d677f27a69b84051204ee4ae76eaca,9,0,165.0,4.56,0.0,joinville,SC
2a6fbeaa7ab9e5d59a35841a8da71ce4,30,2,1632.79,3.93,0.0667,jaragua do sul,SC
821fb029fc6e495ca4f08a35d51e53a5,24,9,17851.62,3.48,0.375,sao paulo,SP
0873d9f8f36123f8d910f4760e788cfb,6,3,7265.59,3.17,0.5,barueri,SP
b67d6c666e8dce1d078c882825e12704,7,0,352.84,4.86,0.0,sao paulo,SP
bc503e244f187939d10c92a5c8e378ce,6,1,430.31,3.5,0.1667,birigui,SP
7b7ed56ae755e2880f2b69632e839c1e,5,1,321.5,4.2,0.2,goiania,GO
f3c38ab652836d21de61fb8314b69182,15,1,1581.0,4.27,0.0667,sao paulo,SP
20a8b0dc55da94fe74d112082427c84f,7,1,407.4,4.29,0.1429,itu,SP
70f84699be677ec988d1fa824aef7d90,5,0,1588.3,4.6,0.0,sete lagoas,MG
6cf476a4ca74498db55cbccdaa9dcfb6,5,2,624.94,3.4,0.4,sao paulo,SP
54219883e72aad869adfb2a54b7bfa0f,5,0,6750.0,3.2,0.0,sorocaba,SP
373ee4a3a775a733770ca3f790b8b9ac,13,1,2141.49,3.92,0.0769,rio de janeiro,RJ
5275ca25d0358ca73864e0ae41be1320,4,2,409.6,4.75,0.5,guarulhos,SP
bcc9dd23e2a8bd8267cf92b19304a1b9,3,2,202.79,2.33,0.6667,ibitinga,SP
c3f5668699a1b04c0fa61ecea1e2bff6,3,0,407.81,5.0,0.0,apucarana,PR
98dddbc4601dd4443ca174359b237166,2,0,158.0,5.0,0.0,sarandi,PR
5b07547f10dd980738a1a27f685af669,13,2,1134.6,4.46,0.1538,guarulhos,SP
fcba71d4d5db057f43249145e4eb1e27,3,0,494.55,4.67,0.0,limeira,SP
7c67e1448b00f6e969d365cea6b010ab,973,98,186570.05,3.5,0.1007,itaquaquecetuba,SP
8931a84a914b3fe9b1ddaa4d704947ca,29,2,4668.3,4.07,0.069,sao paulo,SP
febab0275244b9a49a623f0bd613ca2f,106,5,7094.82,4.44,0.0472,pedreira,SP
1835b56ce799e6a4dc4eddc053f04066,417,49,33005.32,3.66,0.1175,ibitinga,SP
138dbe45fc62f1e244378131a6801526,49,2,1125.56,4.08,0.0408,sao paulo,SP
643214e62b870443ccbe55ab29a4dccf,65,8,3229.23,4.4,0.1231,sao paulo,SP
f80edd2c5aaa505cc4b0a3b219abf4b8,116,6,8855.5,4.15,0.0517,sao paulo,SP
98dac6635aee4995d501a3972e047414,89,8,4115.75,4.15,0.0899,sao paulo,SP
48efc9d94a9834137efd9ea76b065a38,33,0,345.6,5.0,0.0,curitiba,PR
5dceca129747e92ff8ef7a997dc4f8ca,322,20,111126.73,4.01,0.0621,santa barbara d´oeste,SP
2138ccb85b11a4ec1e37afbd1c8eda1f,388,21,12089.22,3.96,0.0541,sao paulo,SP
b1ac6ea7895bc3dd6f0f6f4abbdd2821,38,0,2962.0,4.53,0.0,canoas,RS
6860153b69cc696d5dcfe1cdaaafcf62,74,7,3827.63,4.1,0.0946,capivari,SP
8e6cc767478edae941d9bd9eb778d77a,100,8,5929.35,4.07,0.08,araguari,MG
a938325a4b357fd23a6a4d5bb126408e,24,1,3231.0,3.83,0.0417,nilopolis,RJ
cfd7ddab722b902f7ac5b5f3ba6d723d,12,0,3385.03,4.75,0.0,contagem,MG
25e47381a6c510ddeb36084e33b89f0c,16,0,1289.6,4.25,0.0,praia grande,SP
20d83f3ef0e6925fd74bfd59170babf7,40,2,2903.6,4.4,0.05,sao paulo,SP
3f8034bfc6b8b4135534975d49f04c63,11,0,1273.9,4.0,0.0,curitiba,PR
ca4b77513ac2040591b0d8fae6958380,14,3,1772.45,4.5,0.2143,sando andre,SP
4d600e08ecbe08258c79e536c5a42fee,7,0,3816.17,4.43,0.0,entre rios do oeste,PR
8bd0e3abda539b9479c4b44a691be1ec,6,2,425.75,2.5,0.3333,tres de maio,RS
ff063b022a9a0aab91bad2c9088760b7,94,3,12076.5,4.31,0.0319,santo andre,SP
ceaec5548eefc6e23e6607c5435102e7,198,12,51478.18,4.2,0.0606,sao paulo,SP
9dda5bbacd45e18d6485fee649205d09,19,2,1912.6,4.11,0.1053,santa rita do sapucai,MG
e067ad2c1c0b48758eb1b5228bcf7a68,54,5,5042.55,4.15,0.0926,santos,SP
55a5b51f93f2b70ea513f5a047b0262a,39,3,4002.3,4.46,0.0769,sao joao del rei,MG
8e6d7754bc7e0f22c96d255ebda59eba,84,14,14107.38,3.6,0.1667,sao jose dos campos,SP
a7f13822ceb966b076af67121f87b063,73,5,12017.69,3.4,0.0685,itaquaquecetuba,SP
8a32e327fe2c1b3511609d81aaf9f042,126,4,6101.12,3.94,0.0317,sao paulo,SP
f262cbc1c910c83959f849465454ddd3,189,18,10199.86,4.18,0.0952,sao paulo,SP
28ea411b354f14b1a494be4e79f0ce02,6,1,820.0,4.67,0.1667,sao paulo,SP
48162d548f5b1b11b9d29d1e01f75a61,66,2,20109.39,3.98,0.0303,piracicaba,SP
791cfcfe22fe4a771ece27f90017da92,1,1,298.13,1.0,1.0,ribeirao preto,SP
343e716476e3748b069f980efbaa294e,17,1,922.6,4.31,0.0588,campinas,SP
520b493b57809f446cb0a233bb3e25c7,63,2,3698.9,4.29,0.0317,santos,SP
1bb2bdb95f4841f1bba2c0d2cd83d3c9,79,6,4905.76,4.63,0.0759,sao paulo,SP
6481e96574816ead57975da2c0f6d80d,32,1,3324.9,4.19,0.0313,sorocaba,SP
b839e41795b7f3ad94cc2014a52f6796,33,1,42829.0,4.09,0.0303,sao caetano do sul,SP
a888faf2d1baececa6baf9c3d603ee1f,53,8,17564.8,4.09,0.1509,umuarama,PR
b33e7c55446eabf8fe1a42d037ac7d6d,149,19,44215.17,4.2,0.1275,pradopolis,SP
f5f46307a4d15880ca14fab4ad9dfc9b,9,1,1422.94,4.11,0.1111,rio do sul,SC
4125d9385a25e82d2f72d3a0fd55bc3f,1,0,42.9,5.0,0.0,santos,SP
ea6b12bf9ffe2bac34602ec631d97a47,9,0,1047.3,4.33,0.0,guarulhos,SP
cbd996ad3c1b7dc71fd0e5f5df9087e2,160,14,8217.5,4.21,0.0875,sao jose do rio preto,SP
bd23da7354813347129d751591d1a6e2,86,4,9704.6,4.12,0.0465,sao paulo,SP
f5b44895715ddfe3087dc414f30268f3,19,1,378.8,4.0,0.0526,sorocaba,SP
a0415d9b25ede3c4b1e477e9916ffc03,9,0,3544.2,4.22,0.0,nova iguacu,RJ
c9a06ece156bb057372c68718ec8909b,11,0,3849.0,3.36,0.0,brasilia,DF
23c38debaffe4a25a30fdbd9b586a13f,41,6,5382.18,4.32,0.1463,votorantim,SP
5a93f3ab0ef4c84ed5e1b5dbf23978bc,38,1,2299.28,4.79,0.0263,monteiro lobato,SP
c510bc1718f0f2961eaa42a23330681a,12,0,10141.0,4.25,0.0,indaiatuba,SP
06579cb253ecd5a3a12a9e6eb6bf8f47,61,8,4587.4,4.13,0.1311,sao paulo - sp,SP
f3da5b2ff499efb8d4a6d371d175d7dd,77,11,3540.89,3.91,0.1429,sao paulo,SP
d8c7ba53e7e38711eaef8c2849d6d2e1,22,0,1190.87,4.5,0.0,floresta,PR
081acf3de680d554796c9cf041be7bc2,4,1,1597.3,3.25,0.25,vespasiano,MG
cfe94489ddd337d1e29e12f2a7205d10,20,2,2376.0,4.3,0.1,sao paulo,SP
50770d25768b0486d89be26afca3108f,6,1,171.77,4.0,0.1667,santo andre,SP
0509040ea3fe50071181bbc359eb7738,87,6,3689.35,4.48,0.069,belo horizonte,MG
5debea795b07621e1f90532e18f96145,25,0,1883.78,4.36,0.0,apucarana,PR
d93919c944be9cff128f6c9cb899eacb,33,6,2666.7,4.0,0.1818,mombuca,SP
dd55f1bb788714a40e7954c3be6df745,35,6,7041.76,3.74,0.1714,sao paulo,SP
3c487ae8f8d7542beff5788e2e0aea83,30,1,9385.7,4.2,0.0333,gama,DF
1acde099eb406aa220b1169b188b42da,9,0,311.1,4.22,0.0,sao paulo,SP
cfa5ab0e4d3fc212fd0b3410e7081c62,15,0,4780.81,3.87,0.0,uba,MG
8fb67a334bacec338885b4e9e1708073,1,0,59.9,5.0,0.0,toledo,PR
8378eb36b6b70c5734e83ad7b8cdc3b7,7,1,1714.8,3.86,0.1429,itajai,SC
57d2ba47f7a3209aa347532ae75c1165,2,0,318.0,4.0,0.0,sao bento do sul,SC
062ce95fa2ad4dfaedfc79260130565f,54,2,7479.1,4.09,0.037,lajeado,RS
c7a0a13cbcf29d5ce51c8f80afdc0b89,8,0,483.08,4.13,0.0,laurentino,SC
afa6714acee029b2dfdf357e5579cc03,16,2,3220.76,4.25,0.125,descalvado,SP
0ed6ce5d87fd9c69eaacaeb778d67235,42,6,2026.52,4.39,0.1429,americana,SP
77a515caa36327151d1cc6c32a9f00e1,26,3,2217.39,4.42,0.1154,diadema,SP
e63e8bfa530fb16910dd6956e592bb81,41,2,1282.8,4.32,0.0488,guarulhos,SP
3cfa1358a6caa965278721344c8d76f2,5,0,3140.28,4.8,0.0,sao bernardo do campo,SP
8ab42aa58097fd4668d60cc648225d5f,20,0,2616.75,4.2,0.0,goiania,GO
3903c788ded8dc03b5ebab37a2f3e9a1,5,1,119.98,4.0,0.2,carapicuiba,SP
6426d21aca402a131fc0a5d0960a3c90,23,1,1209.64,4.17,0.0435,ribeirao preto,SP
28fb0829fd777877cdc350d25cb5bd5b,2,0,279.8,5.0,0.0,sao jose do rio pret,SP
b5e3e38609125694d2ea2417522a60b7,16,4,995.04,4.31,0.25,florianopolis,SC
804287717b9156fb7a787acd9af4fac1,1,0,18.8,5.0,0.0,maringa,PR
75745ef7bc7d4f3ea3380f6f5303f514,3,0,228.4,5.0,0.0,brasilia,DF
f235413f677777a0738ff215d0184901,2,0,1191.98,5.0,0.0,bariri,SP
f8d5c7085db9a4ad2b8c1ffbeb2798c8,6,0,263.0,5.0,0.0,sao paulo,SP
b248792ac0b60ec3f93d80af1b4fae47,7,1,454.5,3.86,0.1429,sao caetano do sul,SP
da7039f29f90ce5b4846ffc0fcc93beb,17,1,1259.1,4.53,0.0588,santo andre,SP
4ebdc7e6cd6102a022dadc49156d4ea8,29,1,928.7,3.79,0.0345,sao paulo,SP
52f9db5cfb423382a2fa5c9e39303202,21,0,1218.78,4.29,0.0,echapora,SP
6c177e38df6d3f34182b1f1d427231bf,53,2,8112.89,4.15,0.0377,curitiba,PR
d6b664fa0667064c6d76394e7848d790,6,1,6080.0,4.83,0.1667,araraquara,SP
974cf2cb8f4b7add98709c30df02fe10,30,1,2694.7,4.17,0.0333,araraquara,SP
e504a4e2efaa45cbff7e268a2c58c956,10,3,1088.9,3.8,0.3,sao pedro,SP
bc39d8938f90a3a2b98193723ed59774,2,0,306.8,4.0,0.0,cajamar,SP
985c92cc412091f8529c12d7f23d3fef,12,1,1368.5,4.75,0.0833,sao joao del rei,MG
c3e1abd72a42fe690fcd89cf5720fe29,13,0,1798.61,4.46,0.0,mogi guacu,SP
0e72c1a751b496722a6cb1f10653b62a,3,0,140.8,4.67,0.0,sao paulo,SP
bf0045791395e66460eb04749c68672a,2,0,119.8,4.0,0.0,sao paulo,SP
9803a40e82e45418ab7fb84091af5231,11,0,4278.75,3.73,0.0,rio verde,GO
633ecdf879b94b5337cca303328e4a25,6,4,1037.6,1.8,0.6667,sao paulo,SP
acf974e4d5950ad143a247471b831eb9,5,0,423.8,4.75,0.0,caxias do sul,RS
353e21e8bf8de2722b4fae1636664b76,4,0,208.0,2.5,0.0,canoas,RS
d17f467e4bf608a510c20d82f4ba3b6b,11,2,2963.78,4.27,0.1818,caxias do sul,RS
5962468f885ea01a1b6a97a218797b0a,6,0,674.0,4.67,0.0,curitiba,PR
a5ff20ff766e7f50bd5066f33da14413,2,0,66.59,3.0,0.0,sao paulo,SP
bd0a1b0aadca9a83d9304f7e8ff5fbd5,4,0,150.6,4.5,0.0,sao paulo,SP
fec8cd45395b3cb0c2b173d7739706a1,4,0,1280.0,3.75,0.0,jambeiro,SP
95b293867b5862941c9cd74f756a3c68,9,4,648.1,3.56,0.4444,sao paulo,SP
72146da5774cabf2632faedcae097a76,4,1,200.94,4.0,0.25,marechal candido rondon,PR
d624126b9206f595fb3fbb6ba03b28a8,23,1,7198.8,4.32,0.0435,curitiba,PR
7f40d06aa0b5f1aa4f41af8c0480e2ef,6,1,1309.94,4.83,0.1667,rio claro,SP
6b803197e03abd5056b4313306b4f29d,7,0,407.0,4.71,0.0,sao paulo,SP
55c26bcb609f480eb7868594245febb5,6,0,664.4,4.0,0.0,tabatinga,SP
9523fb39dd240aa958e040f8183d64f3,1,0,146.99,1.0,0.0,sao paulo,SP
0e982cff76cc0579f632cea8a0e38c9d,6,0,971.9,4.33,0.0,itajai,SC
40db9e9aa57f7bb151bcda6b0f9bdbb7,12,1,23168.0,2.36,0.0833,recife,PE
ea4e9ce63a2134743b4a92777437fcdd,3,0,316.6,4.67,0.0,palhoca,SC
173d56ffbd4c56cb80fc3615487d712b,2,0,358.0,5.0,0.0,sao vicente,SP
077c5fae4bea9500e3737b16f71b9d3a,4,0,106.8,4.5,0.0,sorocaba,SP
c3aad7dc65449ae90a5e9c3c6c1e78e0,6,0,510.0,4.67,0.0,auriflama/sp,SP
5ab05b6d86d417796c69ffd6774ec832,10,1,1886.1,3.8,0.1,assis,SP
14ee35374a7876217954b5fa08e50463,6,1,809.0,4.33,0.1667,sao jose do rio preto,SP
39f776d2974049026ff531fc42ef2a3e,3,0,1084.04,3.67,0.0,goiania,GO
6bd69102ab48df500790a8cecfc285c2,5,1,8070.0,3.0,0.2,sao paulo,SP
2009a095de2a2a41626f6c6d7722678d,8,0,388.89,4.38,0.0,sao jose do rio preto,SP
5415337f1863452476d42d9f14a16a61,1,0,44.9,3.0,0.0,belo horizonte,MG
ea8482cd71df3c1969d7b9473ff13abc,1132,118,36696.76,4.03,0.1042,sao paulo,SP
41b39e28db005d9731d9d485a83b4c38,187,12,16306.75,4.18,0.0642,santo andre,SP
46dc3b2cc0980fb8ec44634e21d2718e,503,33,122811.38,4.27,0.0656,rio de janeiro,RJ
85d9eb9ddc5d00ca9336a2219c97bb13,499,18,15107.24,4.22,0.0361,belo horizonte,MG
18a349e75d307f4b4cc646a691ed4216,109,7,7425.21,3.6,0.0642,sao paulo,SP
d1c7fa84e48cfa21a0e595167c1c500e,12,0,1156.03,4.33,0.0,jacutinga,RS
c8b0e2b0a7095e5d8219575d5e7e1181,84,6,12170.21,4.08,0.0714,itaquaquecetuba,SP
4869f7a5dfa277a7dca6462dcf3b52b2,1124,130,226987.93,4.15,0.1157,guariba,SP
213b25e6f54661939f11710a6fddb871,152,13,15105.95,3.81,0.0855,salto,SP
3d871de0142ce09b7081e2b9d1733cb1,1064,63,93407.4,4.19,0.0592,campo limpo paulista,SP
7e93a43ef30c4f03f38b393420bc753a,319,18,165981.49,4.36,0.0564,barueri,SP
014d9a685fd57276679edd00e07089e5,11,0,729.88,3.73,0.0,maringa,PR
8f2ce03f928b567e3d56181ae20ae952,151,23,21213.2,4.15,0.1523,pirituba,SP
9485a23c0430ba1d58d359391606fce6,4,1,830.9,3.75,0.25,santo andre,SP
a06c8ff043abea0528ee44171e2140a2,8,0,514.5,4.75,0.0,divinopolis,MG
002100f778ceb8431b7a1020ff7ab48f,50,9,1216.6,3.96,0.18,franca,SP
54965bbe3e4f07ae045b90b0b8541f52,73,22,10351.7,3.14,0.3014,foz do iguacu,PR
382229d1e840115ffe3dbf5ff460e417,45,5,4037.06,4.27,0.1111,rio de janeiro,RJ
7aa4334be125fcdd2ba64b3180029f14,214,29,16012.95,4.13,0.1355,laranjal paulista,SP
b1fc4f64df5a0e8b6913ab38803c57a9,107,13,7994.74,3.86,0.1215,sao goncalo,RJ
c6bda72e4dbf5c5866b13cb1810c6d03,59,2,14059.38,4.4,0.0339,sao paulo,SP
ac3508719a1d8f5b7614b798f70af136,101,3,12446.14,4.64,0.0297,canoas,RS
b92e3c8f9738272ff7c59e111e108d7c,62,2,8231.09,4.16,0.0323,uba,MG
8cc6a0e5738e61a87b03c78b2ba9db4b,23,2,13272.7,4.48,0.087,andradas,MG
c60b801f2d52c7f7f91de00870882a75,39,8,11296.5,3.44,0.2051,guarulhos,SP
099095b050cfe8eb1ddff5317587e96e,16,3,5003.84,3.38,0.1875,sao paulo,SP
83645b1645cdee8953ee54c29ceed564,14,0,978.9,4.43,0.0,santa terezinha de itaipu,PR
e8b4225284fbb02d16f200513f1f395d,30,3,5638.62,4.3,0.1,novo horizonte,SP
5c243662ce92d84573bfaff24c3e3700,98,3,32862.02,4.14,0.0306,sao paulo,SP
d1b65fc7debc3361ea86b5f14c68d2e2,39,2,11413.17,4.64,0.0513,mogi guacu,SP
91f848e9f4be368f4318775aac733370,60,2,5668.61,4.4,0.0333,sao paulo,SP
cfb1a033743668a192316f3c6d1d2671,143,17,12609.54,4.04,0.1189,votorantim,SP
3492e68f37fd1df87f4f2f2ea247f445,8,1,787.86,3.88,0.125,salto,SP
b372ee768ed69e46ca8cdbd267aa7a38,63,0,12630.0,4.44,0.0,sao jose do rio preto,SP
aced59e9b31ef866a94f9e7f29d8d418,61,5,7268.5,4.43,0.082,sao paulo,SP
d20b021d3efdf267a402c402a48ea64b,86,15,3922.3,3.75,0.1744,ibitinga,SP
d32e3909cfb714fb2a6cb092c85b9c5f,10,3,2827.9,3.5,0.3,jundiai,SP
9674754b5a0cb32b638cec001178f799,84,3,4941.73,4.11,0.0357,sao paulo,SP
594f9aaa48e5bf431f011ddc5669b0d5,37,1,3248.8,4.59,0.027,contagem,MG
116ccb1a1604bc88e4d234a8c23f33de,61,4,2004.89,4.64,0.0656,sao bernardo do campo,SP
2a84855fd20af891be03bc5924d2b453,155,5,14989.0,4.38,0.0323,belo horizonte,MG
e0878efa0e0b7e5313ac0b43bc04c081,26,5,5025.4,3.62,0.1923,curitiba,PR
0c7533c71df861ec58ad7ff999ed0e8d,61,3,2989.3,4.15,0.0492,valinhos,SP
9c690ceacd5c66731bf443ea810195cb,10,0,871.8,4.3,0.0,camanducaia,MG
e06f09ec0a4aca210779cf1cfc63cf19,29,2,5279.49,3.95,0.069,sao paulo,SP
457fe919b032a3f7dadba6fb92cf7855,9,1,1104.89,4.78,0.1111,paulinia,SP
4f1f1c8666cdb6442f775c4e8caed465,2,0,944.98,5.0,0.0,belo horizonte,MG
d03698c2efd04a549382afa6623e27fb,18,1,8865.47,4.5,0.0556,ilheus,BA
32b8764b4ef628b53608fc34011fcc13,36,3,8884.0,4.19,0.0833,lages,SC
e0eabded302882513ced4ea3eb0c7059,8,0,978.4,4.63,0.0,campinas,SP
2059c39f76271d4ca3f15b5ffaccc8b8,12,0,604.9,4.5,0.0,curitiba,PR
a3f0b55de503387383c7b1de3ad7f678,24,1,4348.4,4.42,0.0417,curitiba,PR
406740ee611378a662d274c7d8c43c4a,8,1,1790.0,4.38,0.125,vitoria,ES
ff69aa92bb6b1bf9b8b7a51c2ed9cf8b,20,5,21940.8,3.65,0.25,sao paulo,SP
5ef131ac72773e5b3f6c0d63cf424657,10,0,575.79,4.1,0.0,ribeirao preto,SP
bfd938b22bc99bce1ae60dc602889f52,4,0,623.4,5.0,0.0,rio de janeiro,RJ
1996942dc085d7773ba77a529b163cd0,9,0,2383.52,4.22,0.0,pradopolis,SP
1464afc72f696af775557a821c2e253f,29,1,1059.36,4.24,0.0345,nova friburgo,RJ
1d29dfba02015238dfbe2449a5eaa361,12,1,612.8,4.5,0.0833,vicosa,MG
6ee85be3693ed79a8e80718743d80655,5,2,147.5,3.2,0.4,sao paulo,SP
5acd070dd3fe441bbb2ec1f1ede515ee,7,3,764.17,3.0,0.4286,jundiai,SP
bacb1f0ed56ad24198f5810d2b3fe9a5,38,1,6078.05,4.32,0.0263,jacarei,SP
056b4ada5bbc2c50cc7842547dda6b51,64,7,12203.4,4.21,0.1094,queimados,RJ
446cc09cdbb130904da114e807dbec40,3,0,252.8,4.67,0.0,sao paulo,SP
33ac3e28642ab8bda860a2f693000e78,34,0,3661.03,4.21,0.0,cotia,SP
070d165398b553f3b4b851c216b8a358,31,5,3333.17,3.37,0.1613,sao paulo,SP
0eaa7e33d73809f1f925f7d07c506cbd,15,0,1552.0,4.71,0.0,santo andre,SP
b8555308bfdb4ca1ed54325a58da9a97,26,2,3047.2,4.0,0.0769,sao bernardo do campo,SP
73a63f72308aa20a46f4b1632018f196,27,0,7640.8,4.19,0.0,curitiba,PR
9539213aa8e023c01937bef95dc006da,9,3,229.1,4.56,0.3333,sao paulo,SP
cea729054f157f5870bdd321a958d994,24,1,2482.1,4.13,0.0417,sao paulo,SP
3504c0cb71d7fa48d967e0e4c94d59d9,53,0,2349.94,4.42,0.0,maua,SP
01ed254b9ff8407dfb9d99ba1e17d923,5,0,1465.99,5.0,0.0,mogi das cruzes,SP
c12b92bf1c350f3e6bf88d3596219c86,17,1,4808.78,3.88,0.0588,garca,SP
0bb738e4d789e63e2267697c42d35a2d,29,1,2308.4,4.66,0.0345,sao roque,SP
4917cee8d902e13428c3ec4b1ca6f315,31,1,5103.9,4.16,0.0323,blumenau,SC
1430239a858e7682bbc43b20758af153,17,0,633.99,4.18,0.0,sao paulo,SP
b494891378bd8f4560abe576c52deacd,19,1,2839.0,4.74,0.0526,sao paulo,SP
e24fc9fcd865784fb25705606fe3dfe7,51,4,12768.0,4.16,0.0784,braganca paulista,SP
ca77545ca4d2dfd1431bf61334e2fa3c,6,0,760.0,4.67,0.0,maringa,PR
f7720c4fa8e3aba4546301ab80ea1f1b,59,3,2043.55,4.26,0.0508,curitiba,PR
21e83881401b92b49fb09a16d3852291,12,0,3109.06,4.83,0.0,uberlandia,MG
b1a81260566c1bac3114a6d124413f27,51,1,8684.69,4.27,0.0196,carazinho,RS
3f0e48d209018b466fcd3bb4ccfeb520,9,0,5399.0,3.89,0.0,curitiba,PR
87e24fc7052259b1f7f607d61c10d8be,7,1,7073.59,3.86,0.1429,sao paulo,SP
4391ea5c5990502176a1dcda44a2373d,3,0,2349.0,4.67,0.0,porto alegre,RS
c4fb51fb1c5b7c07bc5e67be6e7e8f6e,15,2,1567.9,3.53,0.1333,curitiba,PR
f789d2c4f2c2eb38fc4373e7a4b35264,44,2,4864.24,4.16,0.0455,juiz de fora,MG
3fadb4cba4c35bce6a7eaf9872d5623a,3,0,209.5,3.33,0.0,caxias do sul,RS
e9729944ba65dc3ce425e0c5a22ae7b2,4,1,916.7,3.75,0.25,petropolis,RJ
e88c9b79e592e370d6bd852eeefbf057,8,0,251.87,4.75,0.0,pato branco,PR
cb5ff1b9715e99589f3e0c7a6afab9e3,4,0,85.0,4.0,0.0,maringa,PR
55f7a3319d80f7fdf078b8f03e6725fe,22,2,3013.78,3.77,0.0909,osasco,SP
f35becee938e982bd615edf8ef12bcfb,6,0,148.59,4.0,0.0,alvares machado,SP
5f67c6082caacb26e431a7b17940cece,13,4,1662.6,3.54,0.3077,maringa,PR
edd066cd02126d7800f9b66e980e9931,6,1,987.7,5.0,0.1667,brasilia,DF
52a50b42accf164f9f019941e5759d9b,4,1,139.96,4.75,0.25,monte alegre do sul,SP
91f0eec23d4a61d7d7caeefa3f0ad1ca,11,3,2190.8,3.55,0.2727,tubarao,SC
1b45169b635ef59425637e9a33eb5fb3,7,0,308.9,4.57,0.0,maringa,PR
918717417d88a9f9ae9735567e6c7682,4,0,345.7,5.0,0.0,sao paulo,SP
e256a62e0ac58c0edfba09966142d561,12,0,1474.11,4.42,0.0,curitiba,PR
b0f2a6122a90a93eb03e68653dd960e3,6,0,1620.3,4.83,0.0,curitiba,PR
747c1cdcd1737dcfbd1547f6eb6f2cf3,2,0,193.1,2.5,0.0,ibitinga,SP
c8665a4dd081a2c436b1cd921079d0d9,1,0,79.39,5.0,0.0,pitangueiras,SP
c7dcd301ecfe5ab7f778ac172cf74be7,3,0,407.79,3.0,0.0,belo horizonte,MG
6c12e40690c335dbc2f68a4134d30dc1,16,0,9139.2,4.07,0.0,castro,PR
38e679b9e0064cd94c6f035707344dae,27,1,3644.15,4.12,0.037,londrina,PR
8185694b58b2ba6de20fd41ae608bbea,8,0,1372.3,4.5,0.0,tabao da serra,SP
128f9bfbe4c7d5185033914b1de3d39a,13,1,1267.39,4.77,0.0769,atibaia,SP
01c97ebb5cdac52891c0ed1c37ba0012,9,0,577.5,4.22,0.0,catanduva,SP
c12d7463a579237ffb9248bd7cff378b,1,0,25.9,4.0,0.0,sao paulo,SP
4736e9d642ef4257cd7622516931eb51,16,0,1078.87,4.13,0.0,piracicaba,SP
968ee78631915a63fef426d6733d7422,2,0,450.0,3.0,0.0,erechim,RS
71592660bbcb6a4664e97b6f8b68babc,6,0,2027.18,4.33,0.0,sao jose do rio preto,SP
2c3d56f92f360fb89d849b84e8f50eae,7,2,425.1,3.43,0.2857,barueri,SP
c5f7e746b7e6d07def6c0dae9903279b,10,0,1429.0,4.4,0.0,curitiba,PR
6e4a902d1054e4e17aa6eab87fac1c75,7,2,586.57,4.14,0.2857,sorocaba,SP
577719699805dd125d5b6fdde5943bba,8,1,1077.8,4.38,0.125,nova petropolis,RS
c37b2059d4f90d4feead554e5246565e,12,3,839.3,3.33,0.25,sao paulo,SP
c7fdb77fdbff3c41981bc52f787e959e,9,2,658.48,3.56,0.2222,santo andre,SP
19e0f40a907ec568c34bfac15de4f4a1,4,0,178.0,5.0,0.0,americana,SP
6bb62a4912377c7bfe7cb17b406bc7e6,4,0,739.52,4.25,0.0,jundiai,SP
c4af86330efa7a2620772227d2d670c9,4,0,5396.0,4.33,0.0,mogi das cruzes,SP
9bc484c87d79cd4874e05ca182658045,8,2,970.0,4.25,0.25,sao paulo,SP
a414555ce331b8c8aea4a9cb8395194d,7,0,1450.95,3.33,0.0,sao paulo,SP
a7b7354cc588f7566a848bcbb1ce3d96,2,0,79.8,4.0,0.0,sao paulo,SP
00d8b143d12632bad99c0ad66ad52825,1,0,86.0,5.0,0.0,belo horizonte,MG
f626e15b7314c267e4429010866f70e9,5,0,193.55,3.8,0.0,marechal candido rondon,SP
6524b847b982cd56bb5d4b02b776ee42,1,1,779.8,4.0,1.0,campinas,SP
2e1c9f22be269ef4643f826c9e650a52,161,11,12170.24,4.24,0.0683,sao paulo,SP
86ccac0b835037332a596a33b6949ee1,178,6,15894.34,4.23,0.0337,blumenau,SC
25c5c91f63607446a97b143d2d535d31,156,11,54208.78,3.83,0.0705,itauna,MG
966cb4760537b1404caedd472cc610a5,67,2,45928.26,4.12,0.0299,diadema,SP
903037660cf848a717166eb7a06d616e,44,6,7935.18,3.95,0.1364,sao paulo,SP
a3e9a2c700480d9bb01fba070ba80a0e,129,13,13371.8,4.0,0.1008,ibitinga,SP
ddd51ae8cda92f3995a51fc0f0f3eec7,8,0,842.7,4.63,0.0,rio de janeiro,RJ
23d7c96d4a1160db1c726b248601b25a,50,6,10658.24,3.93,0.12,capivari,SP
1da366cade6d8276e7d8beea7af5d4bf,42,5,6348.59,3.98,0.119,uba,MG
fa1a9dec3a9940c072684a46728bf1fc,55,0,6674.0,4.11,0.0,icara,SC
53e4c6e0f4312d4d2107a8c9cddf45cd,463,25,29587.77,4.13,0.054,pedreira,SP
7ddcbb64b5bc1ef36ca8c151f6ec77df,325,28,54435.66,4.03,0.0862,sao paulo,SP
4c2b230173bb36f9b240f2b8ac11786e,258,26,14474.57,3.98,0.1008,sao paulo,SP
3078096983cf766a32a06257648502d1,56,3,7910.84,4.3,0.0536,scao jose do rio pardo,SP
8bdd8e3fd58bafa48af76b2c5fd71974,10,1,2135.83,4.9,0.1,sao paulo,SP
66922902710d126a0e7d26b0e3805106,150,11,14267.3,4.5,0.0733,belo horizonte,MG
729f06993dac8e860d4f02d7088ca48a,94,11,19885.18,4.22,0.117,limeira,SP
c3cfdc648177fdbbbb35635a37472c53,278,7,43048.18,4.47,0.0252,curitiba,PR
4371b634e0efc0e22b09b52907d9d469,101,8,8168.0,4.48,0.0792,sao paulo,SP
f125f3a310c2e5f822d116147de1e474,16,2,2761.4,4.19,0.125,sao paulo,SP
2b1a40c1daabc6ca280c4b815c101841,22,1,12342.6,3.82,0.0455,divinopolis,MG
54aa8463e87776b5612f4bdc4bd5d4de,7,0,649.3,3.86,0.0,belo horizonte,MG
06df0c10d34e459d9672bc77388742eb,26,3,9070.0,4.35,0.1154,maringa,PR
ce27a3cc3c8cc1ea79d11e561e9bebb6,122,3,9465.45,4.19,0.0246,sao paulo,SP
612170e34b97004b3ba37eae81836b4c,107,2,23065.02,4.43,0.0187,novo hamburgo,RS
2b3e4a2a3ea8e01938cabda2a3e5cc79,52,0,23629.15,4.37,0.0,sao paulo,SP
e333046ce6517bd8bb510291d44f0130,68,4,7268.0,4.34,0.0588,ipaussu,SP
0432ead42b6c8a0bdf68154add917fdf,82,3,7574.4,4.54,0.0366,maua,SP
05e107217c7266362fd44b75b2cd4cc4,5,2,193.38,4.2,0.4,sao paulo - sp,SP
f12d3c2a14729ae461b920c11fe20fdc,9,0,364.45,4.44,0.0,santo andre,SP
4c498c7345e89aebad651544829beca0,47,6,4570.27,4.28,0.1277,carapicuiba,SP
0887a9f087bcd5d9f6642b52f897fc6c,12,1,1642.0,4.42,0.0833,cananeia,SP
54c04bdb5ec46762f8f08c7e8f86ed4a,18,2,3281.66,4.33,0.1111,florianopolis,SC
99002261c568a84cce14d43fcffb43ea,36,3,4088.0,3.72,0.0833,cuiaba,MT
45ba18c210d42734ec52c0c1c574e9ee,35,2,5099.44,4.11,0.0571,sao roque,SP
a7c88262832dfc683781d6a421edefae,5,0,1520.0,4.2,0.0,mogi das cruzes,SP
3d3ccf2b2f8134b10dce9dd446f0e075,3,1,608.6,3.33,0.3333,ibitinga,SP
be8e909810184b9b19e886129149d8e5,15,3,629.85,3.73,0.2,piracicaba,SP
6c6cc59a5c00cacc5054ca06d65cc282,1,0,1107.0,5.0,0.0,santa maria,RS
99eaacc9e6046db1c82b163c5f84869f,63,7,12642.28,4.0,0.1111,franca,SP
c4d51195486dc781531876a7d00453d8,17,5,11468.98,3.94,0.2941,presidente prudente,SP
c731d18cea9bf687ffee82a241c25b11,24,0,3662.0,4.22,0.0,concordia,SC
96804ea39d96eb908e7c3afdb671bb9e,37,1,3530.75,4.14,0.027,ibia,MG
e5e33c0d8e7e002f398f5dc4cbbb338f,26,3,6494.9,4.58,0.1154,bauru,SP
e89c4adbe7b1d0819dbb636e16461cf1,24,3,3181.3,3.83,0.125,indaiatuba,SP
4305fe92735c8a43d154ff6dd2b8d927,17,0,2606.1,4.18,0.0,coronel fabriciano,MG
11bfa66332777660bd0640ee84d47006,76,12,3925.87,3.89,0.1579,ribeirao preto,SP
fd386aa7bed2af3c7035c65506c9b4a3,69,7,2304.15,4.35,0.1014,sao paulo,SP
5b67882648febfb6e1225e6ad7164f6b,27,1,6813.48,4.0,0.037,umuarama,PR
f5b84683a9bf9e1df748cf40f601b39c,1,0,83.9,5.0,0.0,sao paulo,SP
5075aaa8404020ae6aa8bf4792099b41,10,0,1572.88,3.9,0.0,pocos de caldas,MG
08084d990eb3f53af056ccbc1730c8a7,12,0,372.5,4.45,0.0,sao paulo,SP
5587130f9850696ed7fafbc91c2cee44,2,0,69.8,5.0,0.0,sao paulo,SP
7c9130f5f3729edd32aa059141d92484,3,0,126.0,3.33,0.0,garca,SP
427165bf50f8ca07efc7bdc2bfcf1688,5,3,1603.5,3.2,0.6,americana,SP
2646baaf662d4d92ac48f047e35db92d,15,2,1263.05,4.47,0.1333,sao paulo,SP
670a9dda115b5a88b18cfadee8de2332,11,0,918.9,4.45,0.0,ribeirao preto,SP
b5abf4f36adc043117b4fca82c22984c,8,2,803.1,3.13,0.25,brasilia,DF
5b51032eddd242adc84c38acab88f23d,12,0,3280.0,4.0,0.0,borda da mata,MG
df56d7b40d437f88407c5f78b63bc328,22,1,2791.28,4.09,0.0455,cascavel,PR
d7485b33791774c36108f8c69602d48d,10,1,399.82,3.7,0.1,curitiba,PR
2a50b7ee5aebecc6fd0ff9784a4747d6,1,1,199.8,1.0,1.0,brasilia,DF
2f09f7d37a97956d11cc1a7cadd5262b,7,1,625.0,4.0,0.1429,ribeirao preto,SP
27a56ff04b34c2ba34ce6ba4d3b9d616,8,1,349.29,4.13,0.125,campinas,SP
0c7f30ae9b147eca07affbef92832a6a,5,0,479.5,5.0,0.0,ponta grossa,PR
bdae679a9b282249bc23b9b69dae9a99,6,0,663.15,3.5,0.0,brasilia,DF
ffdd9f82b9a447f6f8d4b91554cc7dd3,18,0,2101.2,4.33,0.0,curitiba,PR
88cf19ec1fc2c58f161aee259d57142c,14,0,1372.97,4.5,0.0,sao carlos,SP
698f5fa55a5f73d0740e9d9a773e8093,4,0,120.0,4.75,0.0,rio de janeiro,RJ
fc908879b9ca1bd65419e54e50432d38,4,0,119.2,5.0,0.0,sao paulo,SP
47efca563408aae19bb7206c2d969ea9,11,0,2383.0,4.36,0.0,teresina,PI
28872dc528e978a639754bc8c2ce5a4c,1,0,1009.9,5.0,0.0,caxias do sul,RS
52f0fe436a347ddad7ed5f9aa4e27eaa,19,3,1452.49,3.74,0.1579,sao paulo,SP
ad781527c93d00d89a11eecd9dcad7c1,38,12,6039.63,3.34,0.3158,sao jose do rio preto,SP
e53d5b9b29d1218281f4a907ada18626,4,0,350.67,4.75,0.0,toledo,PR
4b0fdb526525f9890eb145bf1534640e,18,0,2419.0,4.06,0.0,ibitinga,SP
71dc18fd8cbf5fd77f45dd8b427abb34,4,0,1080.0,5.0,0.0,curitiba,PR
f3975e8a41157005d4bcbb358678cd9b,2,0,178.8,5.0,0.0,pinhalzinho,SC
9906e7aa42a3c067b7c9a564d01c4320,12,2,2619.0,4.5,0.1667,maringa,PR
455c5640e8c5bd1b2ee85c0158f85727,8,0,6729.5,4.5,0.0,luiz alves,SC
00720abe85ba0859807595bbf045a33b,13,2,1007.5,3.62,0.1538,guarulhos,SP
8a40ae794fa3f9892cee24bd5af0488b,6,2,739.85,3.17,0.3333,curitiba,PR
c8c1bea22194a4eefa2dc9a9fa89f536,7,0,1266.0,5.0,0.0,porto belo,SC
762fafdaa57a532ee0119731697579dd,5,0,206.7,5.0,0.0,itu,SP
f5f1f2c5f923f36ad79ea1d07185ddc9,10,1,1517.77,3.7,0.1,taruma,SP
94b9108d4b637ba65bb4f1e53cfcf8d8,7,1,234.96,4.43,0.1429,guarulhos,SP
478bfe564db21eeb44386606aa30b650,3,0,182.7,4.67,0.0,pedro leopoldo,MG
87b740daf17b5d1be335a64164ec6842,11,1,12099.89,3.73,0.0909,suzano,SP
013900e863eace745d3ec7614cab5b1a,23,0,1619.7,4.7,0.0,curitiba,PR
9ac4f14370b1e24ddc58be041b7f99df,5,0,314.51,4.4,0.0,jaragua,GO
ede2977fbaf3738583170735ca403f6c,1,0,289.9,5.0,0.0,curitiba,PR
5151aea44289d6c6b090ee31c2132508,7,0,1315.3,1.83,0.0,marilia,SP
c7bb64409aa480bb7d0335faaaf3d242,4,0,97.6,2.25,0.0,joinville,SC
97e4a63591ca439a2b8b7efd20e6e19e,5,0,349.95,4.4,0.0,rio de janeiro,RJ
404e1ba01358af4cd63f679b2c4d1fa1,8,0,373.9,5.0,0.0,juiz de fora,MG
4eb61f060e7dcc1d5a80d806c35cc541,8,0,1313.0,3.88,0.0,sao paulo,SP
4b1eaadf791bdbbad8c4a35b65236d52,5,1,960.09,2.6,0.2,ribeirao preto,SP
528bcf6680c36dddf07620bd35b33a6f,2,1,969.98,4.5,0.5,sao paulo,SP
63b9ae557efed31d1f7687917d248a8d,5,0,139.5,4.2,0.0,sao jose do rio pardo,SP
9b1f656ca3060f8af17a50d8a024b533,2,1,41.0,5.0,0.5,santos,SP
38e6dada03429a47197d5d584d793b41,7,1,596.14,4.43,0.1429,sao paulo,SP
d9d43faf741ceaa8da52fdbb81d9e0e3,4,0,161.0,4.0,0.0,juiz de fora,SP
2d9e8987a2ea5cf88dce330249043ff1,2,0,239.8,4.5,0.0,jaci,SP
ccada0ef508e698917a6eab263375905,3,0,172.8,3.67,0.0,pato bragado,PR
b26741d31a563d769b4af0465ab20c56,2,0,648.0,4.0,0.0,florianopolis,SC
a478c7961d6a992065b24e63b366f90b,8,0,1281.5,4.88,0.0,blumenau,SC
53088c75f948b48a7ece173ac17f0c12,3,0,261.7,5.0,0.0,triunfo,RS
eebb3372362aa9a46975164bed19a7e7,4,2,295.96,3.25,0.5,sao paulo,SP
a1544b9ea0b2390e020537d4daa89049,8,0,841.2,3.88,0.0,jundiai,SP
4221a7df464f1fe2955934e30ff3a5a1,5,0,849.5,4.8,0.0,bahia,BA
034b9387752bfa309f350a70cd45ffa3,8,0,96.0,4.5,0.0,blumenau,SC
cd3d09fbe6e3e9ff0c0ac0c300e93ae7,12,1,651.04,4.17,0.0833,nova odessa,SP
97e50a621f8e801f4baf69e08687c192,1,0,89.9,5.0,0.0,sao paulo,SP
b45d7ebfb7378630f1bcd74b6ff86ff7,3,0,899.7,4.33,0.0,belo horizonte,MG
1b7e5006cb25dd23ce8686691013b121,11,2,2636.74,4.36,0.1818,sao paulo,SP
cc419e0650a3c5ba77189a1882b7556a,1651,101,101090.96,4.15,0.0612,santo andre,SP
a420f60ff1aa9acc80d0e42959f2b313,67,6,7443.3,3.95,0.0896,sao paulo,SP
b4f8921fcc4ff77b66bea6dda43dcd51,18,1,11395.05,4.56,0.0556,caxias do sul,RS
2528513dd95219a6013d4d05176e391a,160,8,32660.2,3.97,0.05,osasco,SP
aba1721a889e04decc910aa13b768ef4,83,9,14103.3,4.45,0.1084,sao paulo,SP
06a2c3af7b3aee5d69171b0e14f0ee87,389,90,36097.98,4.01,0.2314,sao luis,MA
fde0cc9ea29c8ccfc0a2c22256a58c71,35,1,3922.0,4.49,0.0286,curitiba,PR
b32be1695eb7ec5f10f72d9610a12527,44,2,26575.0,4.14,0.0455,caxias do sul,RS
229c3efbfb0ea2058de4ccdfbc3d784a,118,2,15479.0,3.62,0.0169,belo horizonte,MG
128639473a139ac0f3e5f5ade55873a5,527,33,11795.85,4.21,0.0626,maringa,PR
f9ec7093df3a7b346b7bcf7864069ca3,9,1,519.2,4.78,0.1111,sao paulo,SP
c013e57c075a06e5b5c48ee03c525719,42,3,1971.55,4.24,0.0714,sao carlos,SP
26785a546900236d66f2e4197c211158,15,0,1019.2,4.67,0.0,sao paulo,SP
0bae85eb84b9fb3bd773911e89288d54,136,1,7433.56,4.29,0.0074,itajai,SP
9c0e69c7bf2619675bbadf47b43f655a,151,16,32720.4,4.17,0.106,sao jose dos campos,SP
5cf13accae3222c70a9cac40818ae839,148,5,14293.3,4.48,0.0338,patos de minas,MG
3c010235b7345c92f125d14ee232a76b,15,0,3578.0,4.67,0.0,mandirituba,PR
d50d79cb34e38265a8649c383dcffd48,70,5,13012.42,4.25,0.0714,sao paulo,SP
dfa0c4c6229ab200a4a1336b4d7128ff,77,3,4777.1,4.0,0.039,florianopolis,SC
fdb9095204a334cd8872252ffec6f2db,46,3,8156.0,4.18,0.0652,sao paulo,SP
1336efc61c316ddf92c899eb817f7cae,74,7,4837.31,4.0,0.0946,assis,SP
abcd2cb37d46c2c8fb1bf071c859fc5b,44,2,4817.32,4.32,0.0455,cuiaba,MT
39d61be7a92eb77b7da367bd4845bc0e,7,0,700.59,4.0,0.0,sao paulo,SP
3c7c4a49ec3c6550809089c6a2ca9370,139,11,4002.75,3.69,0.0791,sao paulo,SP
7b1222c3624aa89b9558b50a2594188c,22,3,10103.52,4.45,0.1364,sao jose do rio preto,SP
dd7ddc04e1b6c2c614352b383efe2d36,121,19,9148.61,3.88,0.157,sao paulo,SP
9d5a9018aee56acb367ba9c3f05d1d6a,66,1,10119.98,4.45,0.0152,aparecida de goiania,GO
a673821011d0cec28146ea42f5ab767f,125,14,13366.0,4.04,0.112,sao paulo,SP
85cc55e048b6bcc90c75afe7f0e72f72,9,2,308.28,4.44,0.2222,barra mansa,RJ
5f1dc28029d2c244352a68107ec2b542,62,4,2807.3,4.43,0.0645,sao paulo,SP
41b86b552e54e3a7009596125aa8b167,10,0,1595.3,4.3,0.0,sao paulo,SP
2a1348e9addc1af5aaa619b1a3679d6b,48,13,2697.4,3.17,0.2708,belo horizonte,MG
2528744c5ef5d955adc318720a94d2e7,5,0,6245.0,2.4,0.0,jundiai,SP
112453736dbe3889cfb74e1aaa0ba0c1,7,0,1890.0,4.14,0.0,sao paulo,SP
5f3ae9136c875522250f8184f253413a,42,3,1143.05,4.64,0.0714,sao paulo,SP
a5cba26a62b8b4d0145b68b841e62e7f,53,1,14438.84,4.57,0.0189,campo mourao,PR
fe49ee029e61e789a1f3a5525f57ba8d,16,1,2473.69,4.25,0.0625,osasco,SP
e0a366315b1b726b6c7832d664c0f530,43,2,7400.09,4.3,0.0465,sao paulo,SP
0c8380b62e38e8a1e6adbeba7eb9688c,180,10,17228.99,4.07,0.0556,tres coracoes,MG
289cdb325fb7e7f891c38608bf9e0962,109,2,13410.55,4.59,0.0183,belo horizonte,SP
f918546be4bec7104d117789ba758b2b,20,4,1483.0,3.85,0.2,sao paulo,SP
870d0118f7a9d85960f29ad89d5d989a,45,2,3157.2,4.04,0.0444,pocos de caldas,MG
4de6e4ba574aa9dfdc824bc44dc47fdd,14,1,451.1,4.07,0.0714,colombo,PR
8b2d4ab22f42c5cfc338b846decfda60,6,0,458.0,4.83,0.0,fazenda rio grande,PR
4a3ccda38b2129705f3fb522db62ca31,64,6,16169.09,3.93,0.0938,marilia,SP
c611f4ce9ce875bcc063fa97fd4d7d12,1,1,319.0,4.0,1.0,atibaia,SP
7722b1df1b0e383e000397b2c11e3e19,133,4,7046.6,4.23,0.0301,sao bernardo do campo,SP
75d34ebb1bd0bd7dde40dd507b8169c3,57,9,12656.33,3.93,0.1579,salvador,BA
ce7d1888639e6fb06b2749cbfdac1ff7,78,7,11793.89,4.17,0.0897,baependi,MG
38874e327ce94d11390b96eb42d61928,6,1,3779.94,4.0,0.1667,itaquaquecetuba,SP
e9511df20ccd82658a30c37b7fb343af,22,0,2096.6,4.32,0.0,bauru,SP
55d3daac7c404d59e51c2aa2f4dc5a23,21,0,4480.6,4.1,0.0,sao paulo,SP
db2956745b3a8e9f3785c99f34b5d25e,45,5,8261.0,3.84,0.1111,sao sebastiao,SP
582d4f8675b945722eda7c0cb61ba4c7,59,1,4702.96,4.15,0.0169,bertioga,SP
de23c3b98a88888289c6f5cc1209054a,161,16,25933.67,4.29,0.0994,sao paulo,SP
28a26ebce31d5918b181ede016fd693b,1,0,29.9,5.0,0.0,belo horizonte,MG
79ebd9a61bac3eaf882805ed4ecfa12a,133,8,14783.09,4.05,0.0602,cascavel,PR
de09d00cfc265b8804c7df34075a68fa,3,0,784.0,3.33,0.0,sao paulo,SP
d66c11a9572221d92fbb8c4897db5f9b,16,0,776.56,4.56,0.0,rio de janeiro,RJ
5a6a02f419701fc8c605af71d4fc57a4,10,1,600.5,4.8,0.1,americana,SP
6df688df543f90e9b38f4319e75a9d88,39,0,1891.76,4.56,0.0,belo horizonte,MG
1b8b75e227c9a9c100d0c210fb6176ce,15,1,1444.87,3.93,0.0667,sao paulo,SP
916748bc99315c2d202898ae58b1617e,25,0,369.4,4.28,0.0,sorocaba,SP
b17b679f4f5ce2e03ce6968c62648246,50,9,3424.18,3.98,0.18,ribeirao preto,SP
ec4608a1f76453166bb312b2968aeaf4,17,4,968.81,3.29,0.2353,porto ferreira,SP
abc015ebac1d283a323ca9db35ede4b9,12,0,1106.8,4.42,0.0,ribeirao preto,SP
06e5eefc71ec47ae763c5c6f8db7064f,90,2,21648.67,3.98,0.0222,porto alegre,RS
973f21788dfab357250f69a8dcb7ddee,9,5,819.0,2.11,0.5556,claudio,MG
83b08de96980757220871b31bf6cffca,5,2,1304.17,4.0,0.4,rio de janeiro,RJ
c864036feaab8c1659f65ea4faebe1da,58,2,10454.2,4.57,0.0345,campo largo,PR
499ec63c58e51296c9cf57edcfe1c8a8,5,0,365.0,4.8,0.0,sao paulo,SP
0a85ebe4e328db81ac9109781205e2f7,12,1,667.9,4.58,0.0833,jundiai,SP
2e3be8a987a30d7544dbbda6861cc14e,14,1,2472.86,3.79,0.0714,belo horizonte,MG
575df70bde3f9f2b30bf8d2e9910d725,27,2,5410.05,4.07,0.0741,sao jose do rio preto,SP
bf84056e679dbe9c69929847a40e338f,35,3,1918.08,3.77,0.0857,sao paulo,SP
ba5daa4041e1f15cdf34b76e3e18a450,15,0,806.8,4.27,0.0,sao paulo,SP
cb3dd9ce66268c7a3ca7241ac70ab58c,48,3,2788.32,4.2,0.0625,sao paulo,SP
adcf50477d6a1f5d91bb9d54c4903cb5,16,3,981.86,3.56,0.1875,claudio,MG
9d5604a1f112324ad6b2aa552122e0fb,13,0,421.5,3.54,0.0,florianopolis,SP
83353a83fd769dfafa4f21a72b15e3e5,5,1,579.5,3.8,0.2,sao paulo,SP
b18dc380845b24038cfc48006478f099,43,7,7753.96,4.21,0.1628,diadema,SP
52ac6f920b7280e4c6d30dd94de6259b,6,0,5657.3,3.67,0.0,pinhais,PR
94e93ce877be27a515118dbfd2c2be41,29,0,5436.58,4.04,0.0,votuporanga,SP
179d859f51292aac5c10806a356f7af9,18,3,404.47,4.39,0.1667,ribeirao pires,SP
bb5d956dece964a06c12bceb66b923ae,2,0,1278.36,5.0,0.0,rio de janeiro,RJ
bb7a14e229b1c95156719c3d9552eeee,10,1,2760.2,4.5,0.1,rio de janeiro,RJ
5b33b527da3c5b969cc99dc435cad09a,16,1,1872.79,4.13,0.0625,paranavai,PR
6d2f2e3b539480db1e0842b3a4e32e6e,3,0,305.96,3.67,0.0,guarulhos,SP
08cdbae123ff67ca4e36d9d641ce0119,4,2,3098.99,3.25,0.5,uba,MG
52d76513f0c4d97f3b99570e2c94ee31,19,1,8153.1,4.06,0.0526,novo hamburgo,RS
3aa3c89ae3cd482385568be76120f63c,1,0,29.9,4.0,0.0,goiania,GO
50a7e551a7b3f8d37cd6e32d8bfbe5ea,1,0,140.0,5.0,0.0,sao caetano do sul,SP
392e0502231ae2f8b29994ef6398cd77,17,2,1572.9,4.35,0.1176,cerqueira cesar,SP
abe42c5d03695b4257b5c6cbf4e6784e,49,8,17000.0,3.96,0.1633,rio de janeiro,RJ
8603f0038fe0e52fedd3382d266723de,10,0,2355.0,4.4,0.0,garopaba,SC
630008e0f062605a415d694489f6f82e,1,0,35.35,5.0,0.0,sao paulo,SP
184a67a8f9f63234d3a92340bbdb727f,7,0,246.29,4.29,0.0,joinville,SC
79565f7d5603b24ddf07ade262547f2f,7,2,346.0,4.43,0.2857,araraquara,SP
5b664594895aefb418afaee6d40a9a23,16,0,1008.8,3.94,0.0,petropolis,RJ
2379bdc3888025689a9deb7b141507d5,9,3,999.5,4.33,0.3333,mogi mirim,SP
b0398568231ba5e6734af1881671a317,4,0,656.77,4.0,0.0,colatina,ES
7210cd29727d674c00741e5e387b3ccd,9,1,729.09,4.44,0.1111,sao paulo,SP
5f5b43b2bffa8656e4bc6efeb13cc649,27,1,3677.2,4.41,0.037,sao paulo,SP
d4f91e8be86b38da2ee35bc489645a9d,1,0,49.99,5.0,0.0,guaratingueta,SP
8f78f0903005064036736c7173a5c2ed,13,1,2113.7,3.77,0.0769,tiradentes,MG
f7496d659ca9fdaf323c0aae84176632,25,2,4837.67,4.56,0.08,sao paulo,SP
82921991ff5b557b045605b8bbf08d49,1,0,18.9,5.0,0.0,sao paulo,SP
caa9bc43a9fe8cf9c564ddd8a03cc4a6,13,1,803.87,4.67,0.0769,jacarei,SP
fac1a9017ade7bdc94058fc1c969f355,9,0,2010.84,4.67,0.0,sao paulo,SP
8b87cd0d43d49b9bdf40f56229364d59,2,0,729.0,5.0,0.0,sao paulo,SP
a4bd6e9adf39b63f43dc545d3ca1f53d,4,0,1848.59,4.5,0.0,rio de janeiro,RJ
48e954b2da4f6a750c844173b347ed40,2,0,397.8,4.5,0.0,porto alegre,RS
3985a3c45be355a4c57fde108bfabd1c,7,0,344.2,4.0,0.0,rolante,RS
bbf9ad41dca6603e614efcdad7aab8c4,14,0,7846.0,4.5,0.0,fortaleza,CE
e73bf2cea7fe4b0b4d287a7568ed1099,4,0,737.7,5.0,0.0,chapeco,SC
6bb0724edf0b62fb91ac404873a97241,17,3,3653.0,4.47,0.1765,cotia,SP
fadb07c842a2aef5d5a676b85f220e71,7,0,398.75,4.71,0.0,sao jose do rio preto,SP
f52c2422904463fdd7741f99045fecb6,12,1,567.79,4.25,0.0833,santo andre/sao paulo,SP
6b15924333bd1a741595fe981ea04822,21,2,614.32,4.67,0.0952,sao caetano do sul,SP
e9c6969d40e6a3d2d0f90013165c2b98,10,0,5239.98,4.4,0.0,sao paulo,SP
32fdd5d44ecb43dfd6a24b9369eca144,8,0,479.2,4.38,0.0,carmo do cajuru,MG
a23266650e7c84bb93fbbba502137478,11,0,1512.4,3.82,0.0,porto alegre,RS
c26a2be5b53b7db6b276280da212a779,13,0,7482.0,3.38,0.0,nova friburgo,RJ
0417b067eeab773d2f7061a726dc477f,13,4,1859.18,3.92,0.3077,sao bento do sul,SC
f41ce2e25237f9092cd8e6e7516c7a2f,26,0,1961.9,4.42,0.0,guarulhos,SP
8fdca8e349553f99bc738833a62c8802,22,1,989.34,4.19,0.0455,sao paulo,SP
8b655f0855926bcb49f5835d38dfddf6,5,1,1089.5,4.8,0.2,osasco,SP
14a08204d03bb6b6bde8029f801ae0eb,28,0,2185.4,3.89,0.0,sao paulo,SP
ca5832c6960267b71041f74bb39e8b12,1,1,79.9,1.0,1.0,xanxere,SC
9bcdfa7b615b3abb9461d9e3ad9886ae,14,1,2126.07,4.43,0.0714,blumenau,SC
fec6275253471ace26d209bbaa64cd0f,9,0,2840.0,4.56,0.0,nova friburgo,RJ
e59e575a175fadcadf8479e191770425,1,0,199.9,5.0,0.0,nova iguacu,RJ
3d0cd21d41671c46f82cd11176bf7277,9,0,447.8,4.67,0.0,joinville,SC
1352e06ae67b410cdae0b2a22361167b,2,2,178.0,3.0,1.0,rio de janeiro,RJ
2b5ed0c9139dae8883a200dfcb272ece,4,1,85.41,4.25,0.25,sao paulo,SP
085f6f7e049c996695fb2074fe38d45e,6,0,305.4,4.0,0.0,taubate,SP
6e4f5ff6b086632ba8dcb558fb10249e,5,0,838.9,3.4,0.0,flores da cunha,RS
851773c885feb5e2da3b4f82bc2b17ce,10,2,585.3,4.2,0.2,lencois paulista,SP
f266295f49a28eee21f413e0cbb0521d,2,0,149.8,4.5,0.0,ponta grossa,PR
1b0b0f4f95e962d6f32fe90c759d0479,2,0,139.8,5.0,0.0,sao paulo,SP
19d62d484cba71963c93f0f00ab42013,1,0,139.9,4.0,0.0,gaspar,SC
710e3548e02bc1d2831dfc4f1b5b14d4,131,6,22369.25,3.43,0.0458,rolandia,PR
36a968b544695394e4e9d7572688598f,148,7,6864.47,3.75,0.0473,santos,SP
15fa791d5e017f66402dc28c44480657,8,1,1802.0,4.25,0.125,sao paulo,SP
dbc22125167c298ef99da25668e1011f,394,10,32829.12,4.32,0.0254,borda da mata,MG
f8db351d8c4c4c22c6835c19a46f01b0,659,34,50082.6,4.27,0.0516,salto,SP
f08c008c8a8d31417763738a1788a2a8,20,3,1211.92,3.42,0.15,santa terezinha de itaipu,PR
d91fb3b7d041e83b64a00a3edfb37e4f,524,33,39926.39,4.14,0.063,praia grande,SP
87142160b41353c4e5fca2360caf6f92,305,17,31095.98,4.41,0.0557,porto alegre,RS
6338ea67c41078a46ad99cc009654956,37,0,2286.09,4.6,0.0,farroupilha,RS
1eade46fba20122dc4aefb379f8c636b,58,8,3635.37,4.43,0.1379,sao paulo,SP
7139dc5186aa238b006e066d8fbab2e4,22,3,1712.0,4.0,0.1364,amparo,SP
b410bdd36d5db7a65dcd42b7ead933b8,42,1,7368.9,4.81,0.0238,goiania,GO
5f7300535881cef3b625fd683cf7d145,10,0,665.98,4.4,0.0,canoas,RS
e8f6dc8e6a1dcde89d20e3995c8d90b3,35,3,2148.74,4.0,0.0857,sao paulo,SP
7f2617c58d5d06806987308b45654351,22,2,3656.8,3.82,0.0909,sao paulo,SP
ffad1e7127fb622cb64a900751590acd,10,0,884.3,4.8,0.0,americana,SP
ef990a83bbea832f36ebe81376335aa8,43,11,4642.59,3.63,0.2558,joinville,SC
3ea00e1dea2b0659dbaf654735929220,7,0,505.0,4.86,0.0,curitiba,PR
52f976b17ea7f2f087f56dcc419328f6,6,0,7630.0,3.67,0.0,california,PR
c70c1b0d8ca86052f45a432a38b73958,260,22,36289.15,4.37,0.0846,hortolandia,SP
f0837c8d71434931d9e38e7b79234797,22,1,3446.9,4.59,0.0455,arvorezinha,RS
ca3bd7cd9f149df75950150d010fe4a2,68,3,9253.47,4.09,0.0441,sao paulo,SP
59fb871bf6f4522a87ba567b42dafecf,123,8,21178.6,4.28,0.065,sao paulo,SP
3ca08eeb8d5595949fed424bd3677742,13,0,1688.88,4.69,0.0,curitiba,PR
7f35f9daf223da737b78738fbae4d977,5,0,252.0,4.0,0.0,valinhos,SP
232a6014e7b10cba61c6c2b2ea6bb4b0,32,2,3819.97,4.16,0.0625,cafelandia,SP
f0e103c63864d5405b958d984b6e94c9,11,0,951.7,4.73,0.0,osasco,SP
0951a6e282947e09cd47969f4ed0b47f,7,0,492.3,4.86,0.0,taboao da serra,SP
e5a38146df062edaf55c38afa99e42dc,120,11,15270.89,3.98,0.0917,sao paulo,SP
b33aaadd1a8891d2dfef0c4c3bdf0371,16,2,1504.0,3.94,0.125,limeira,SP
744dac408745240a2c2528fb1b6028f3,78,1,22322.6,4.58,0.0128,colombo,PR
058fd0aa2bfdb2274e05e1ae971dabb6,60,4,7549.9,4.38,0.0667,santo andre,SP
ce616e1913288884e7742faac9d981db,14,1,333.3,4.43,0.0714,cotia,SP
65febd49fd28ec955651299159b1f527,33,2,4136.71,4.45,0.0606,sao paulo,SP
6ddc28b61be28373b4503a1f61cf98a9,11,1,1732.9,4.18,0.0909,sao paulo,SP
5b97c06a046398e7005b2b7c0d707a92,3,2,1139.97,4.0,0.6667,joao pinheiro,MG
2745f798279e0ed033addcc1474776d7,32,3,3668.53,3.97,0.0938,sao paulo,SP
f181738b150df1f37cb0bd72e705b193,36,4,5529.7,4.47,0.1111,carapicuiba,SP
6ec1a01e866584bb679eb9b098345919,30,6,3998.91,4.24,0.2,santos,SP
901b460cdce0c64e471230d7f2f9f3a3,5,0,1904.0,4.4,0.0,porto alegre,RS
57df9869a600bd6b7c405f2a862eccfb,5,0,125.0,4.4,0.0,santa rita do sapucai,MG
d566c37fa119d5e66c4e9052e83ee4ea,65,2,5145.7,4.69,0.0308,sao paulo,SP
512d298ac2a96d1931b6bd30aa21f61d,11,0,7401.94,4.27,0.0,rio de janeiro,RJ
ef30892870c278497523264be1be2241,9,0,783.2,4.56,0.0,araraquara,SP
bcd2d7510d58e293f20fad6438c1b314,1,1,23.9,,1.0,curitiba,PR
ade45994b717ccee333492330fbf037b,10,0,7196.0,4.5,0.0,umuarama,PR
244c2f1bff6afe1f2eaf9bfe9b2aed38,23,2,2580.0,3.78,0.087,mogi das cruzes,SP
6b3bd31ad8fcda4b2635ec9f3ff2ecdf,35,3,4063.9,4.09,0.0857,rio de janeiro,RJ
bbad7e518d7af88a0897397ffdca1979,68,11,4426.32,3.18,0.1618,sao paulo,SP
acadd4d36859671cb635527c6c977533,12,2,2381.0,4.25,0.1667,santa rosa de viterbo,SP
1ce3ae5a399804d1a87e706f8a813c3e,40,4,2563.0,3.75,0.1,jaguaruna,SC
1cd9e0cc1839d55516843def5600816d,5,0,825.0,5.0,0.0,sao paulo,SP
bb5bd94c8f59cc050072d2930c869cac,16,1,2543.87,4.19,0.0625,sao paulo,SP
45c20d94d9171b0bcfab3c955e47d67b,4,0,129.46,4.5,0.0,cordeiropolis,SP
49cdc90518a4f82676b38b3c1aa43ff6,5,0,1539.5,3.8,0.0,sao paulo,SP
ab3e0c171fe84a7ba7de130f19cfb485,6,2,623.45,4.0,0.3333,colorado,PR
3dbbce181edfaa4a597ec858c382d2ec,17,2,848.3,4.24,0.1176,curitiba,PR
a64e44665225d19dfc0277eeeaaccc57,6,1,335.0,5.0,0.1667,sao paulo,SP
9dd59e43f0c9f0553244e8f9c2fb247e,10,1,356.3,4.8,0.1,foz do iguacu,PR
b5bb2b985208834bd5bd86c7a402bbad,2,0,621.06,5.0,0.0,venancio aires,RS
c66dccfb3f109511246da627dd5a2498,44,2,12182.55,4.57,0.0455,registro,SP
1c5e4e49b9079480255b49d50aac1aa9,12,0,10173.11,4.33,0.0,santos,SP
9535a841eecebed61a9fb1ac1cbb5597,2,0,784.9,3.0,0.0,sao paulo,SP
788e857f317e53de488d393e65a80f45,11,0,1210.0,4.91,0.0,sao paulo,SP
cc5a78bbad32776dc4e3af205218368c,33,1,4269.18,4.45,0.0303,divinopolis,MG
57e632711dec9ec14ca7546769483e7e,62,0,6350.06,4.42,0.0,navegantes,SC
2089a6d640999f9b9141ac719b2af596,41,6,7676.02,3.93,0.1463,sao carlos,SP
51a04a8a6bdcb23deccc82b0b80742cf,1,1,167.99,1.0,1.0,braganca paulista,SP
4a5b36211b1f51bf7eaa5c10a57fa483,1,0,139.19,5.0,0.0,sao goncalo,RJ
d594982fd877af63ace38ea1fca27c76,7,0,217.04,4.43,0.0,sao paulo,SP
c092292535a57dacd95a8765f5518f87,1,0,125.0,5.0,0.0,paracambi,RJ
67225bff54a172ff67579aaf583efd78,8,1,1238.0,4.5,0.125,marechal candido rondon,PA
7c4618c82226628831613e95e9c22f44,13,2,333.93,4.08,0.1538,sao roque,SP
994f04b3718c2bab35c2adfa8afecd2a,47,4,3289.8,4.3,0.0851,jaguariuna,SP
26d8a1c7c75d513045798992ead43aa2,34,3,5937.13,4.41,0.0882,apucarana,PR
152ee17e4c8aaf53dac99f3462e4999b,6,0,308.96,4.33,0.0,garuva,SC
33ab10be054370c254ddfcf0a6253422,4,0,213.2,5.0,0.0,rio de janeiro,RJ
4dbd95a08b31ede5c82d3f861cb1ce1a,4,0,370.78,4.75,0.0,curitiba,PR
d8dd176509baa37f359644d082bf7f7b,2,2,198.0,1.5,1.0,sao caetano do sul,SP
0ebd97a106433a45a4aebe57c1799778,31,0,3046.8,4.48,0.0,contagem,MG
20b54c376b794ed028df09a3cd88e8dc,7,2,927.87,3.71,0.2857,sao caetano do sul,SP
b3b17aab11f273023a5f22ca52e1eb70,7,1,6850.0,4.86,0.1429,londrina,PR
c716e0b86ed568878475b60fbb6323ad,1,0,35.0,5.0,0.0,rio de janeiro,SP
11742f81550ac064cc9a40f67151d9ad,2,0,781.9,5.0,0.0,catanduva,SP
750303a20e9c56b2a6bc45cdce0b897d,53,2,7876.0,4.3,0.0377,goiania,GO
d06d019f72a04e5497a0b64190af170c,17,1,2415.93,4.53,0.0588,cotia,SP
b9c0ffa92f3ff9a5a3d45ef7213c0842,3,0,490.0,5.0,0.0,sao paulo,SP
ccb83a794700270fde70898fe9ff368b,12,2,11062.0,4.33,0.1667,sombrio,SC
6e0908ef4d4efadbc3cc2b74ea477cb0,8,1,589.45,3.75,0.125,rio de janeiro,RJ
010543a62bd80aa422851e79a3bc7540,2,0,1416.0,4.5,0.0,sao paulo,SP
1099a00e0ee3a50935e6c2447ca090c5,3,1,849.7,3.67,0.3333,rio de janeiro,RJ
191d55f7edb8524d525ed01b20fe32e8,3,1,747.0,2.33,0.3333,brasilia,DF
820cc752a266cdc6c1a1e61dd4583330,15,2,2802.8,4.13,0.1333,maringa,PR
d0d70d21e2234dd7cd3cf63fe414148a,8,0,598.4,4.25,0.0,sao bento,PB
8476243f92442881ddd5b578975cf115,12,1,7838.0,4.08,0.0833,campo bom,RS
b05b432bf68945d4d9783f9e3ca29ee8,2,0,224.8,4.5,0.0,birigui,SP
39d54ff918774174706fb065d7f9dc07,22,3,1554.69,4.05,0.1364,sao paulo,SP
cb9fb4ca75d7ba8437480e8dde64fe98,10,0,532.14,4.0,0.0,sao paulo,SP
2d20f1cd18725c91147da0791d498022,1,0,99.8,5.0,0.0,londrina,PR
67bf6941ba2f1fa1d02c375766bc3e53,15,2,5062.0,4.33,0.1333,curitiba,PR
f44b6f775a2b390380e0e30b5c9d3eee,10,0,2930.0,4.9,0.0,sao paulo,SP
6bbcb8924baf70b7fe2fe2097e8cd407,10,0,2382.5,4.5,0.0,blumenau,SC
10ff823eda2b032e2c93d17a7d294736,8,0,1144.98,4.25,0.0,pederneiras,SP
3e51f9cbe317bc3a88f2c76583811ee4,1,0,76.09,5.0,0.0,sao paulo,SP
c157bdeedcbc9a8e3c8bf0d87ff24428,7,0,514.27,4.43,0.0,mairinque,SP
e5899683388855d3dabe8913bbe365de,3,0,452.88,4.0,0.0,sao carlos,SP
84c945f15571830c1a91a33978e94009,2,0,51.98,4.5,0.0,sao paulo,SP
c353f8fc0ce8344999f17d578eb69a5e,2,0,175.98,5.0,0.0,porto alegre,RS
167fd940acebc789debd6eb418c46e38,5,1,1077.58,3.0,0.2,franca,SP
d6ab728cf30867cf3f1a2e216ae2f9b7,12,0,2002.0,4.42,0.0,sao paulo,SP
8c5e007d7bd5693fa1386ffefbc99f6c,9,0,1029.11,4.33,0.0,indaiatuba,SP
c4f7fee5b0db50e87766f5a4d1b1b758,5,0,2762.03,4.0,0.0,sorocaba,SP
8648b1e89e9b349e32d3741b30ec737e,93,10,7228.75,4.16,0.1075,jacarei,SP
891071be6ba827b591264c90c2ae8a63,85,15,3763.35,3.95,0.1765,sao paulo,SP
9f505651f4a6abe901a56cdc21508025,393,20,25912.84,4.37,0.0509,sao paulo,SP
955fee9216a65b617aa5c0531780ce60,1261,98,131836.71,4.2,0.0777,sao paulo,SP
d9bd94811c3338dceb4181f3dbc0c73e,54,6,6911.02,4.8,0.1111,sao paulo,SP
4d6d651bd7684af3fffabd5f08d12e5a,363,17,42999.0,4.22,0.0468,jau,SP
b76dba6c951ab00dc4edf0a1aa88037e,157,5,2545.31,4.22,0.0318,sao paulo,SP
f4aba7c0bca51484c30ab7bdc34bcdd1,108,7,2951.9,3.94,0.0648,sao paulo,SP
fa1c13f2614d7b5c4749cbc52fecda94,578,59,190917.14,4.37,0.1021,sumare,SP
70a12e78e608ac31179aea7f8422044b,312,34,29963.53,3.81,0.109,jacarei,SP
17e34d8224d27a541263c4c64b11a56b,247,21,54440.28,4.25,0.085,riberao preto,SP
1a3df491d1c4f1589fc2b934ada68bf2,160,9,22472.4,4.27,0.0563,joinville,SC
6b243f80ed07b10f0e8aa0f21a205f3c,79,3,6260.1,4.27,0.038,curitiba,PR
b7ed9fb14c8eadb37adb9c45d67ab0fb,7,0,566.0,3.29,0.0,jacarei,SP
33a6f4b1e7cdc205511e76ba1b6e0186,105,2,10295.01,4.41,0.019,guarulhos,SP
c9c7905cffc4ef9ff9f113554423e671,127,13,10657.18,4.14,0.1024,itapecerica da serra,SP
dbd66278cbfe1aa1000f90a217ca4695,85,5,4928.9,4.51,0.0588,sao paulo,SP
eeb6de78f79159600292e314a77cbd18,82,3,43510.84,4.44,0.0366,lages,SC
a416b6a846a11724393025641d4edd5e,157,20,24930.24,4.22,0.1274,sao paulo,SP
cb8bcce248bb1fb274ba762d8b971456,66,1,9152.4,4.33,0.0152,santa rita do sapucai,MG
b9ca8e8baa5d4aa038394a700f63e69f,14,1,1289.77,4.21,0.0714,sao paulo,SP
41ab63a91b8b264e8c8780368bf1dd5b,12,0,2571.95,4.25,0.0,belo horizonte,MG
cce6ab8d1682639fe45ab70234f1665f,61,3,2442.7,4.51,0.0492,curitiba,SP
e99e927c81e3f51739c94fcdfca9f10f,21,4,2597.85,3.71,0.1905,uberlandia,MG
f7ba60f8c3f99e7ee4042fdef03b70c4,218,34,68070.0,4.22,0.156,sao bernardo do campo,SP
44073f8b7e41514de3b7815dd0237f4f,142,5,18380.64,3.74,0.0352,brasilia,DF
1e483cc5c76fef08d3ca05f9a8af7d01,9,0,166.09,4.44,0.0,sao paulo,SP
0dd184061fb0eaa7ca37932c68ab91c5,161,19,18446.92,4.03,0.118,guarulhos,SP
8d956fec2e4337affcb520f56fd8cbfd,210,22,10988.2,4.21,0.1048,sao bernardo do campo,SP
58f1a6197ed863543e0136bdedb3fce2,44,1,6833.0,4.18,0.0227,conselheiro lafaiete,MG
a56e351445e5863fc8960640ba9190c7,3,1,760.92,4.33,0.3333,itajai,SC
cab85505710c7cb9b720bceb52b01cee,201,5,11124.6,4.33,0.0249,sao paulo,SP
101a3a003516bc11253298b2fad3cb65,5,0,450.0,4.8,0.0,rio claro,SP
951e8cef368f09bb3f3d03c00ca4702c,62,5,3993.31,4.13,0.0806,ibitinga,SP
282c7480173bb9c01dd41cc739fec010,5,1,4274.2,4.0,0.2,sao paulo,SP
aae3bfea055532c57fb453ed3ec80b30,48,0,3057.92,3.6,0.0,santo andre,SP
054694fa03fe82cec4b7551487331d74,20,6,8286.1,3.4,0.3,itajobi,SP
7a241947449cc45dbfda4f9d0798d9d0,56,4,7434.66,4.15,0.0714,jacutinga,MG
c273175f7c6c80fb02f051e2fc6d0d72,14,1,1188.23,3.79,0.0714,sao paulo,SP
712e6ed8aa4aa1fa65dab41fed5737e4,77,17,39385.0,3.39,0.2208,videira,SC
fad44952713764836814be105382aee5,32,1,5129.0,4.28,0.0313,rio de janeiro,RJ
e5a3438891c0bfdb9394643f95273d8e,216,40,7549.96,4.0,0.1852,limeira,SP
7fdb0720c8d7c9075538b365dc8c3a22,9,1,1804.0,2.44,0.1111,toledo,PR
dfc5fb7259bb2b599ca565e6e9448f0f,33,1,6124.63,4.12,0.0303,sao bernardo do campo,SP
fc906263ca5083d09dce42fe02247800,112,0,4417.9,4.39,0.0,belo horizonte,MG
d57e18d5f73c7ccb7f7339b61166898d,61,2,3187.7,4.43,0.0328,sao paulo,SP
33cbbec1e7e1044aaf11d152172c776f,15,0,730.67,4.73,0.0,bento goncalves,RS
55029529919c0123526150bd26ca8f20,7,0,453.95,4.71,0.0,contagem,MG
11eac105f3f90a9b87b19c89d91e24f3,5,0,802.89,3.6,0.0,sao paulo,SP
2fb25ab44bdbeae6a4d816e0d0c9d500,5,0,683.08,4.8,0.0,volta redonda,RJ
3f995f07c49d0d55a99d5c54957f7d81,43,1,3955.7,4.21,0.0233,itapecerica da serra,SP
91543f9849d68d023e17194926598543,4,0,834.0,4.5,0.0,blumenau,SC
e62b2d6ac10570a035a30bafcf01d263,62,8,5340.39,3.97,0.129,sao paulo,SP
670c26e0f1bf8d0576271d5cfaec6d2b,77,4,6250.1,4.31,0.0519,maringa,PR
5670f4db5b62c43d542e1b2d56b0cf7c,22,1,6630.09,4.41,0.0455,sao paulo,SP
b9a03475e6447e631b6799ec8274800f,10,0,1349.1,4.2,0.0,formosa do oeste,PR
adbc26658d6c7b4b6219f9d934598091,88,14,11806.4,4.13,0.1591,curitiba,PR
701938c450705b8ae65fc923b70f35c7,74,5,11879.29,4.0,0.0676,s jose do rio preto,SP
4bcec44888b30ba9001234c534716d3f,5,0,146.0,4.6,0.0,santo andre,SP
56642bcb79900e777d68e91915cb4267,48,4,3657.64,4.06,0.0833,sao paulo,SP
f62d7bb4a613ec758a03342d46b580b2,32,4,24665.0,4.38,0.125,vicosa,MG
3d5d0dc7073a299e31fa718ce1bc00b6,21,2,674.8,4.43,0.0952,rio de janeiro,RJ
6562efe88ce0826a4ca4f189f03b4b84,8,1,1076.0,3.88,0.125,maringa,PR
4d232b78ab7ef10393dc3807d827bc0d,5,0,1475.0,4.4,0.0,belo horizonte,MG
78c99c6dff4eeae5be99bf635ed21e3f,31,3,2030.88,4.42,0.0968,marilia,SP
822166ed1e47908f7cfb49946d03c726,69,1,3714.83,3.99,0.0145,tres rios,RJ
21c62b998a043ebe31161d38f84929fc,4,0,750.49,4.5,0.0,fortaleza,CE
6e386f64c84e482f0b9abf960797ee1b,29,3,12209.3,4.61,0.1034,sao paulo,SP
a080fc8a850289b27500f6b49cca2553,4,0,383.0,4.75,0.0,sao paulo,SP
52562a9f449c3dc3d53f5f5b9ed74903,14,0,3266.6,4.79,0.0,parnamirim,RN
55dedd83e501d8248880557d9073cbfd,8,0,1055.3,4.88,0.0,rio de janeiro,RJ
e7f3bf1ecd8526eb7f3b18059e6716e5,17,0,1382.04,4.65,0.0,ubatuba,SP
2dcf93836ae3ce0d7c93e2f10876467a,9,2,1443.8,4.11,0.2222,sao jose dos campos,SP
538caafddff204241cecbf3a02e6b3cf,8,4,128.4,2.75,0.5,sao paulo,SP
d558ebe531605a1285ab2b1bc3256dfb,3,0,709.0,4.67,0.0,divinopolis,MG
88cd3681e0a2ba85e190f7d817629c4c,1,0,180.0,4.0,0.0,brusque,SC
5795aebfe331fbcd02a2c4b679fb7952,6,0,1280.0,3.83,0.0,palhoca,SC
1588ac4010787100dddef64568f0ae35,3,0,599.97,3.0,0.0,maringa,PR
1d0646a72178a6fb37ee8082140e06ec,2,0,61.0,5.0,0.0,joinville,SC
0aa2205ca24f113f4658a5c536667426,4,0,815.62,4.0,0.0,sao paulo,SP
65a7c0788e4d632ccb5e1b594b87f0bb,3,0,266.7,4.33,0.0,sao paulo,SP
6861de0f40cacb0602e473c51639f980,5,1,674.0,3.6,0.2,curitiba,PR
66e0557ecc2b4dbea057e93f215f68d8,30,8,12141.0,4.03,0.2667,sao paulo,SP
9c3c24eca51c52b91c1de727d2a2ae06,6,0,307.5,4.5,0.0,caxias do sul,RS
5d3bb11474a06bdc23fb9e89f1164ee0,31,1,3654.6,3.9,0.0323,assis,SP
48fb026ed7455a42f5d3e9390ed5088e,9,0,489.73,2.89,0.0,barra mansa,RJ
ae45df84722b1d15c5f32b23a095746c,9,0,901.83,4.78,0.0,sao paulo,SP
6b89abe95848c850399130d149a39b63,8,0,1135.2,4.38,0.0,piracanjuba,GO
f410c8873029fcc3809b9df6d0b28914,2,0,289.8,5.0,0.0,caxias do sul,SP
fac35d150712afb921ec59ac5f39bb11,5,0,696.0,4.4,0.0,bonfinopolis de minas,MG
9b1ab052f5fca308ba743ac789ebb2e1,2,0,294.09,4.0,0.0,pitanga,PR
740205fedfe4e90ca6857bc77db0f2b4,1,0,229.9,5.0,0.0,caxias do sul,SP
768a86e36ad6aae3d03ee3c6433d61df,17,3,587.46,4.65,0.1765,sao paulo,SP
e644cbadf7eeb30d0d29f335ce7d52ec,7,0,768.91,4.0,0.0,sao paulo,SP
6a51fc556dab5f766ced6fbc860bc613,24,2,7217.87,4.0,0.0833,marilia,SP
38af8acfd46ac4a7bf754e8ca6736664,5,0,345.0,4.8,0.0,sao paulo,SP
ececbfcff9804a2d6b40f589df8eef2b,97,10,6714.15,4.11,0.1031,franca,SP
e4f121bf6ef8b9a1d4d3e65dd0473fab,2,1,70.0,3.0,0.5,sao jose do rio preto,SP
3d2531eccfbde1d7c8db7a3a12fb267a,10,0,1999.54,4.22,0.0,contagem,MG
bd149ed516d4c5d418d5781f8e18919f,8,0,414.0,4.88,0.0,guarulhos,SP
ad273c9eb54ecb4532de4bf75bae9e4e,10,0,645.0,4.1,0.0,curitiba,PR
c0563dd588b775f2e37747ef6ad6c92c,28,3,3697.2,4.36,0.1071,santo andre,SP
8c3b533c63cca56240f94f1e3a6b18ef,3,2,1849.5,2.0,0.6667,belo horizonte,MG
079d295dcbf06ee8bb1b65ba964eb2b6,5,0,349.3,4.6,0.0,sao paulo,SP
845e8036c3f7bf62099352f5ed910240,21,0,1584.6,3.95,0.0,rio de janeiro,RJ
328acb143b4a73aad6bee8e734f5d20d,2,0,699.98,4.0,0.0,foz do iguacu,PR
fe8055980a4ff7f64ed889c2b5926929,3,0,196.7,4.67,0.0,curitiba,PR
d379f449f2a3b271bc01c0782020f705,28,1,4423.06,3.89,0.0357,divinopolis,MG
1dc2de47ee26a0a5b12dc14fd6dc0dea,25,3,1670.3,4.56,0.12,ibitinga,SP
b01c2b7b8599b325103ebcddc67413e1,4,0,169.45,4.75,0.0,venancio aires,RS
37dd29b36c458d82f74a953c40c43645,7,1,4536.99,3.86,0.1429,limeira,SP
5741dc2bf5044c34d0698681c5081bed,3,0,89.7,5.0,0.0,sao jose dos campos,SP
cf654707ed6a99f112c7ec3d6f314b8b,3,0,756.0,4.67,0.0,sao paulo,SP
f1b93673502375d491780bb49d615dbc,8,2,2638.93,3.13,0.25,sao jose dos campos,SP
be3b4b0f050a6aa1b2d901c4b77e979f,3,0,578.2,4.0,0.0,imbituva,PR
626ab1cd96932367f0eeec2e47046c12,3,0,1310.0,4.67,0.0,sao paulo,SP
e5d4b2b0c3bca22085f7a19a28de0c42,4,1,205.8,4.5,0.25,joinville,SC
02d35243ea2e497335cd0f076b45675d,14,5,5794.0,2.64,0.3571,natal,RN
89f69225956f951295ca4c7fb1266553,11,1,1041.3,4.27,0.0909,vassouras,RJ
c64a2aec32cc408a8a4c6d7c46017f91,9,0,3221.5,3.89,0.0,imbe,RS
e2a1ac9bf33e5549a2a4f834e70df2f8,5,0,14999.45,4.8,0.0,sao paulo,SP
06532f10282704ef4c69168b914b77be,7,0,9827.95,4.71,0.0,paincandu,PR
de0c78824586e9a5f5f04fd84e25df39,14,0,2489.3,4.64,0.0,vargem grande paulista,SP
0d83f8e03188682112cc0d93523705cc,4,1,696.26,3.75,0.25,porto alegre,RS
3ab971ce71839580d2ae5b4e40fe8044,35,3,4917.0,3.91,0.0857,sao paulo,SP
02ecc2a19303f05e59ce133fd923fff7,21,0,5264.19,4.62,0.0,santo andre,SP
a213f1bd6458f4a158f3746cb2514559,1,0,41.52,5.0,0.0,maringa,PR
2d518637f53161b973e01f56ea4bb88e,13,0,1219.89,4.92,0.0,sao paulo,SP
262237171f48e85819065498cac80d7b,4,0,599.0,4.25,0.0,brusque,SC
6025c79c035c3d772133b8b8238463b2,2,0,989.74,5.0,0.0,pinhais/pr,PR
ef728fa1f17436c91ed1ccd03dcf9631,3,0,128.7,4.33,0.0,jau,SP
5f0057b677eb963672bf05dfa3f16c34,4,0,213.88,5.0,0.0,sao paulo,SP
392f7f2c797e4dc077e4311bde2ab8ce,2,0,52.0,5.0,0.0,rio de janeiro,RN
655220df33262c7e0c4949a147366f94,13,2,2245.0,4.08,0.1538,diadema,SP
d4910f1cdcfdabd48d6b316e395d4a23,11,1,1146.88,4.91,0.0909,santo andre,SP
81a1104df0f08b59c68aa5b03cfe398e,72,4,9320.98,4.31,0.0556,sao jose dos pinhais,PR
834f8533b2ecb6598dd004ff3de7203a,41,6,4324.35,3.95,0.1463,sao paulo,SP
0241d4d5d36f10f80c644447315af0bd,238,14,31397.7,4.35,0.0588,curitiba,PR
7a67c85e85bb2ce8582c35f2203ad736,1145,68,139658.69,4.27,0.0594,sao paulo,SP
75fbb52eda0cbc24f479d3b2fbfa8d3e,38,2,1094.19,4.45,0.0526,goiania,GO
d90fe2229fee1a5da999ccd0c06c1667,3,0,450.0,4.67,0.0,sao paulo,SP
0d33a55da925bbf1ff02af5f6059fc7f,22,1,547.3,4.45,0.0455,sao paulo,SP
9315e491484b1b0081ca166fc164108d,1,0,29.99,3.0,0.0,londrina,PR
b8a0adc91af209270c2c725168eb00fd,6,0,281.4,4.0,0.0,ibitinga,SP
5a425cc503b39b262a847fd6212bf53b,14,1,1340.6,4.46,0.0714,londrina,PR
7681ef142fd2c19048da7430856b5588,58,8,31211.81,4.23,0.1379,guarulhos,SP
8a130737016f838139d31878787a39c9,56,4,4222.03,4.45,0.0714,sao paulo,SP
ce69a8021d18961dd2a40269b7c2c293,19,2,4818.0,4.47,0.1053,curitiba,PR
412a4720f3e9431b4afa1476a1acddbe,21,1,2058.1,4.24,0.0476,campinas,SP
9616352088dcf83a7c06637f4ebf1c80,91,0,5643.1,4.34,0.0,umuarama,PR
17306570e772e7718c92a562d33f5f1d,27,2,8640.0,3.78,0.0741,bariri,SP
c68fb906c8f4b4b946d8386bfa6e5467,45,1,4541.16,4.52,0.0222,jaboticabal,SP
40d54b51e962dbe09cabbcfd33298dee,30,0,6785.56,4.0,0.0,santo andre,SP
f84a00e60c73a49e7e851c9bdca3a5bb,88,10,5849.24,3.9,0.1136,rio de janeiro,RJ
0be8ff43f22e456b4e0371b2245e4d01,156,10,11336.0,4.03,0.0641,sao paulo,SP
e627629ba868740e287800f1a9be81c2,11,0,337.1,4.91,0.0,sao paulo,SP
c8467937e403e76a8ee9f0ab13f6f5ef,30,4,1853.79,4.07,0.1333,pocos de caldas,MG
ce248b21cb2adc36282ede306b7660e5,64,7,13560.19,4.23,0.1094,jaragua do sul,SC
9599519be538b98748162a2b48248960,1,0,570.0,1.0,0.0,sao paulo,SP
d4e12e7884759a14fa0f5f896c791cae,29,2,1400.0,4.62,0.069,sao paulo,SP
1b4c3a6f53068f0b6944d2d005c9fc89,111,7,14420.5,4.25,0.0631,sao ludgero,SC
38102b031c2a15e54623d711bfc753d3,8,0,418.0,4.0,0.0,mucambo,CE
8b8cfc8305aa441e4239358c9f6f2485,15,2,11892.0,4.2,0.1333,londrina,PR
a17f621c590ea0fab3d5d883e1630ec6,63,5,2677.92,4.16,0.0794,sorocaba,SP
e96498ed8daaa3e9c23f7a62da76591c,34,5,9619.09,3.94,0.1471,sao paulo,SP
827f8f69dfa529c561901c4f2e0f332f,91,9,3408.39,4.29,0.0989,curitiba,PR
ef2fbc2b607d8492bcffe657a4645434,19,2,920.9,4.0,0.1053,rio de janeiro,RJ
f19516b9ff26bfeb091b30108db4ddbd,3,0,162.7,3.67,0.0,artur nogueira,SP
431050a06a317f2b38168dec3dcd2b46,10,0,1370.0,4.5,0.0,sao paulo,SP
3771c85bac139d2344864ede5d9341e3,26,4,1433.3,3.85,0.1538,sorocaba,SP
cb5df0dcb9e280b1780e9d589889f2c7,11,2,1614.88,3.4,0.1818,bady bassitt,SP
066a6914e1ebf3ea95a216c73a986b91,66,2,8956.38,4.09,0.0303,foz do iguacu,PR
186cdd1b2df32caa72cfb410bba768d3,6,0,1341.45,5.0,0.0,rio negrinho,SC
05f51e13da97139648b8125c31e5f51b,57,9,13100.31,4.23,0.1579,belo horizonte,MG
f97e2b0650c2068227e1d366140eb62f,16,1,3654.0,4.0,0.0625,santo antonio de posse,SP
4c8b8048e33af2bf94f2eb547746a916,19,2,1882.45,3.37,0.1053,ibitinga,SP
12b9676b00f60f3b700e83af21824c0e,133,2,26376.0,4.54,0.015,montenegro,RS
5160d23075764e18e07c1f4a87fad743,33,1,2359.0,4.36,0.0303,sao bernardo do campo,SP
731ef20c231d9a7103a425e83fd91271,2,0,1692.0,3.5,0.0,lages - sc,SC
18e694e0e48ed6f7aa3f24aade5fd697,31,1,701.54,4.68,0.0323,varzea paulista,SP
01cf7e3d21494c41fb86034f2e714fa1,59,3,9439.56,4.12,0.0508,francisco beltrao,PR
4deebb3199eeafb282ae33229144f94b,4,1,779.7,4.0,0.25,sao paulo,SP
972d0f9cf61b499a4812cf0bfa3ad3c4,81,9,7910.42,3.03,0.1111,brusque,SC
53d00c40e32aeb924a84ce72b1af869d,17,4,2165.85,4.35,0.2353,ibitinga,SP
640e21a7d01df7614a3b4923e990d40c,115,8,7528.89,4.33,0.0696,ibitinga,SP
fcb5ace8bcc92f75707dc0f01a27d269,59,2,8009.35,3.98,0.0339,guarulhos,SP
7dc9a3355bae96dd82008b313d3a456c,1,0,899.0,5.0,0.0,dores de campos,MG
25cf099de44674fde97473224f9d59ab,50,2,1654.36,4.33,0.04,cotia,SP
dc317f341ab0e22f39acbd9dbf9b4a1f,55,3,18988.4,4.15,0.0545,cachoeirinha,RS
33a17d60c64393351ebf1ef860f4e0f2,43,1,8152.48,4.63,0.0233,porto alegre,RS
7fc87cc3e89b3d1d5cabdca32f8485aa,14,4,2153.9,3.57,0.2857,guarulhos,SP
bf00385a5f7fc1ef39a13c2e9ee50a5f,28,0,855.4,4.43,0.0,sao paulo,SP
6179a28a13a726c29b3bf54c070dccab,1,0,300.0,5.0,0.0,varginha,MG
325f3178fb58e2a9778334621eecdbf9,36,0,981.7,4.44,0.0,taboao da serra,SP
d12c926d74ceff0a90a21184466ce161,76,1,3850.28,4.36,0.0132,sao paulo,SP
49383af7ab774e4e8f3000f49c83dc4b,8,0,660.0,4.38,0.0,taubate,SP
33576ec5412fb5905d876f12f33bfde6,31,1,2718.0,4.1,0.0323,curitiba,PR
c24173065483e421f9e5e7f599de101d,9,1,373.91,3.56,0.1111,sao paulo,SP
8fec2e460530482132c436cfb5439925,3,1,468.46,4.33,0.3333,laranjal paulista,SP
bc47d5d1490df2b36add65d733eafaba,21,2,929.8,3.52,0.0952,santo andre,SP
606ce7768feac12c5e8bd58db8b08f0f,5,0,2916.6,4.8,0.0,campinas,SP
403aa86912527d730337ffcb0fb096ab,11,0,8959.89,4.0,0.0,belo horizonte,MG
686886775c8f6b1191c7b953fb52708c,1,0,189.0,5.0,0.0,pedreira,SP
b347677812ea483b0f528eaf8cbc09b7,21,0,7288.99,4.52,0.0,curitiba,PR
63a79f5a7eb5cb48a7e5787b141c7993,11,0,815.1,4.55,0.0,patos de minas,MG
6c99c983ce3b6ba0ab813e6790e81691,9,0,546.75,3.78,0.0,uberlandia,MG
d4ffeb15b67e81ff9af2b4252d99fb7e,11,0,1400.4,4.3,0.0,atibaia,SP
ec933281fb017b5020d06df29c3f77e8,8,0,1432.0,5.0,0.0,sao paulo,SP
e6a69c4a27dfdd98ffe5aa757ad744bc,21,0,508.51,4.29,0.0,sao paulo,SP
34f563c82a85b99ae9e6d60db5fc2e28,8,0,2332.3,4.63,0.0,campo bom,RS
fe1bbc5feda5c8979a8a1b3b2512d5a6,9,1,724.72,3.89,0.1111,arinos,MG
c4fabeea6e569d42d02993bb1f4f1cbc,11,1,859.3,4.0,0.0909,fortaleza,CE
4aba391bc3b88717ce08eb11e44937b2,27,4,7286.88,4.0,0.1481,arraial d'ajuda (porto seguro),BA
778323240ce2830d68aab11794e00bfb,3,0,189.98,4.33,0.0,sao paulo,SP
af4a0e4cfe1d9c26b6712b1be25a72e5,21,2,8757.98,3.43,0.0952,mateus leme,MG
4200ddf1967c5e41e48db62bc6d4b5ac,22,1,734.8,4.26,0.0455,sao bernardo do campo,SP
2075d8cd4dd63ff12df0749a5866bb06,3,0,184.7,5.0,0.0,curitiba,PR
ad87df7699e83b8a91822a4a0b765c3a,5,0,309.9,4.0,0.0,jaguariuna,SP
0ac4201fda2c68ebc0e47cb9423cf3c9,13,1,1676.88,4.23,0.0769,sao paulo,SP
1f1bb1f0859883505541bdd6606193e5,27,3,16040.84,4.33,0.1111,sao paulo,SP
cb6c9f5888a7a090c75beaf615925792,11,1,779.89,3.82,0.0909,vila velha,ES
039b29ff3b3473435d0cd59040575de9,9,0,114.9,4.44,0.0,ribeirao pires,SP
2addf05f476d0637864454e93ba673d5,12,0,4552.0,5.0,0.0,brasilia,DF
a2b5b6105ea5942300631d2e76f4ffe0,16,2,3286.69,4.75,0.125,osasco,SP
2c54051840f19eca309a5423cf22df36,2,0,23.7,4.5,0.0,curitiba,PR
4dc646b9b9e8e411ef48ba000ea3ac6f,4,1,289.7,2.75,0.25,valinhos,SP
b6dc74ed30f124f95227bed4e43a3bed,9,1,387.56,4.67,0.1111,arapongas,PR
7d294cf9a6a69dc6a0c3e540fff0e039,5,0,257.25,4.4,0.0,barra velha,SC
4be6b962d83299498bae2190f95d6566,11,1,508.8,4.1,0.0909,sao carlos,SP
0176f73cc1195f367f7b32db1e5b3aa8,37,4,4643.2,4.11,0.1081,ibitinga,SP
3faf68a3b0af94b10bac70d86077be49,7,0,1322.93,4.57,0.0,holambra,SP
0bebbb2cea103a4a020c95d43fd7d754,9,0,1367.2,4.89,0.0,sao paulo,SP
411f3b52d857390502ee4e4d5ceabc2d,21,3,1804.01,4.11,0.1429,ribeirao pires,SP
9e9b539eb2806acee3f5c28085c1db9f,3,1,967.0,3.67,0.3333,contagem,MG
eb4df17aed01d918c65f0f8d650900c0,11,3,3739.87,3.91,0.2727,paulinia,SP
5e105f5c9f63f5f1fd75d6cb942e55b1,8,1,1471.9,4.5,0.125,sao jose do rio preto,SP
f2336e113377dd21c744d9c4fc8293a9,4,0,3563.0,4.25,0.0,sao paulo,SP
d51e0a403fe2e689ece6c73359d96e12,18,2,7380.0,4.22,0.1111,pompeia,SP
9d39404483343dd55c7ae254494d8388,10,1,293.2,3.5,0.1,sao paulo,SP
19a7c9f66ffa6452ff4b4c0cca71da27,1,0,279.0,5.0,0.0,itaipulandia,PR
d73cbd89533ce8b041a9190241453ac8,3,0,268.7,4.33,0.0,guiricema,MG
5d043cd5512d4bd2f88e5ccdd5736c38,1,0,650.0,2.0,0.0,sao paulo,SP
ba6b4a237f92479743cf0ca06b67a9ac,8,1,801.89,4.25,0.125,rio de janeiro,RJ
a4b8d97cd5d3674eeff96abc99d8ed67,1,0,214.08,1.0,0.0,sumare,SP
be1e9e378700cecaa4ebf71433d7915c,2,2,119.89,3.0,1.0,ribeirao preto,SP
67883baaae6134ee81b271a542613728,19,3,8167.9,4.11,0.1579,sao paulo,SP
5b581417df4480f632484ba681e53944,11,3,1641.6,3.73,0.2727,florianopolis,SC
b56828a9f9027f3c918c04ca720d9e3c,3,1,360.0,2.67,0.3333,praia grande,SP
bb7ad8a45c027be8ab075b8e465f8ca0,2,0,19.98,5.0,0.0,floranopolis,SC
1bb3812d5f0747a3ab7348f199001a10,9,0,834.4,4.89,0.0,sao paulo,SP
08ad4ac1388e4420ca531c3edfc46198,6,0,221.62,2.83,0.0,itapevi,SP
a369d693961cb93b61ca2cc518872a85,11,0,2597.0,3.91,0.0,sao jose do rio preto,SP
941554c5757b73ba0e50aa7732310afc,3,0,107.69,4.67,0.0,sao paulo,SP
0daf5180aa44356f60f8effa533b55a2,2,1,144.8,5.0,0.5,goiania,GO
e601b04acf48b4576e73ddca9481f0dc,15,0,491.94,4.07,0.0,sao paulo,SP
04aa0a1c5ce6b222003403a3e11c3cc0,11,2,5518.0,4.09,0.1818,cosmopolis,SP
7813ea3ebd9411dc600b4dd01f7a97b9,9,1,1599.4,3.89,0.1111,osasco,SP
634964b17796e64304cadf1ad3050fb7,265,27,39114.1,4.06,0.1019,rio de janeiro,RJ
fa40cc5b934574b62717c68f3d678b6d,304,19,15900.48,4.48,0.0625,sao paulo,SP
2c43fb513632d29b3b58df74816f1b06,3,0,858.0,3.67,0.0,belo horizonte,MG
6039e27294dc75811c0d8a39069f52c0,63,14,13500.8,3.73,0.2222,osasco,SP
391fc6631aebcf3004804e51b40bcf1e,521,54,39475.3,4.05,0.1036,ibitinga,SP
1c68394e931a64f90ea236c5ea590300,142,5,24832.75,3.9,0.0352,sarandi,PR
8b321bb669392f5163d04c59e235e066,930,97,17262.94,4.1,0.1043,sao paulo,SP
48436dade18ac8b2bce089ec2a041202,134,10,11821.11,4.1,0.0746,volta redonda,SP
1fe5540d7c1c37a595fefbacd5570d9e,20,1,4537.6,4.3,0.05,paraiba do sul,RJ
a1043bafd471dff536d0c462352beb48,702,40,99309.23,4.28,0.057,ilicinea,MG
de722cd6dad950a92b7d4f82673f8833,337,15,55126.3,4.3,0.0445,recife,PE
54a1852d1b8f10312c55e906355666ee,198,19,17056.46,4.36,0.096,santa barbara d'oeste,SP
0b90b6df587eb83608a64ea8b390cf07,163,6,28492.76,4.03,0.0368,maringa,PR
55bb6fe5bebe5012e2d7d9928e1128ff,15,2,1816.55,3.47,0.1333,bauru,SP
7d76b645482be4a332374e8223836592,172,20,3765.74,4.0,0.1163,sao paulo,SP
4324dd16853115efb0fd9d0d131ba6f4,12,1,1052.25,4.08,0.0833,sao jose do rio pardo,SP
b2ba3715d723d245138f291a6fe42594,324,29,49302.18,4.2,0.0895,sao paulo,SP
f049a72cf58fd31b11f8919cade515e7,3,0,138.75,3.33,0.0,sao paulo,SP
d1c281d3ae149232351cd8c8cc885f0d,214,19,26833.61,3.81,0.0888,ibitinga,SP
83e197e95a1bbabc8c75e883ed016c47,46,1,6574.19,4.8,0.0217,mage,RJ
15cd6eefe58588619aaed41dfa6621b1,16,1,1622.74,4.25,0.0625,ouro preto,MG
2ff97219cb8622eaf3cd89b7d9c09824,87,5,4339.1,4.54,0.0575,salto,SP
4b9750c8ad28220fe6702d4ecb7c898f,217,17,15815.4,4.36,0.0783,limeira,SP
8581055ce74af1daba164fdbd55a40de,380,38,64011.22,4.31,0.1,guarulhos,SP
897060da8b9a21f655304d50fd935913,304,36,21740.51,3.71,0.1184,ribeirao preto,SP
269cff2d3c8d205c11f37a52402ea93b,4,0,1281.59,4.5,0.0,catanduva,SP
dedcab67899479e4ea5dcc4eba47f587,2,0,84.0,4.5,0.0,jaragua do sul,SC
f5f2ab9bdb6b30c14c61be68c5ed37da,18,2,2134.68,4.28,0.1111,porto ferreira,SP
2eb70248d66e0e3ef83659f71b244378,187,26,38990.72,2.79,0.139,campinas,SP
0761743cbffb25d7148189e9f1a5f03a,3,0,241.2,4.67,0.0,ribeirao preto,SP
7c1fea10b5b006671d608b1d7c446ec4,14,1,423.6,4.0,0.0714,boituva,SP
d93844a9c55ba7ce353388bcf849ea56,12,1,2708.5,4.25,0.0833,curitiba,PR
9add47bf45ce8e8c7db6b9cf670b1e09,41,1,4606.44,4.23,0.0244,fazenda rio grande,PR
615005a3ef192c00c6f0e977cee3d2bc,10,2,286.5,3.8,0.2,itu,SP
11305281b50fff20ae8bb473f8e11876,35,4,6528.7,4.31,0.1143,uba,MG
d673a59aac7a70d8b01e6902bf090a11,79,8,3908.94,3.91,0.1013,ibitinga,SP
94144541854e298c2d976cb893b81343,68,3,17286.28,4.25,0.0441,viamao,RS
7ea5bfa6c340f58f8e71fc1f0412b0d6,96,7,10838.41,4.19,0.0729,belo horizonte,MG
a67780aba9dd436e7ac0aa1f889e73ec,6,2,863.0,3.67,0.3333,presidente prudente,SP
6d22a1fcebb6dd08c9cd90b92a93e8d0,12,0,723.7,4.25,0.0,joinville,SC
9b013e03b2ab786505a1d3b5c0756754,170,10,8714.55,4.22,0.0588,vicente de carvalho,SP
04308b1ee57b6625f47df1d56f00eedf,92,11,58991.8,3.95,0.1196,bombinhas,SC
ef9952469137ff190bacafe117f51537,5,0,1002.66,4.8,0.0,uberaba,MG
b566ab0ef88016e00422755e305103c6,5,1,1208.0,3.2,0.2,extrema,MG
b1fecf4da1fa2689bccffa0121953643,19,0,3669.64,4.95,0.0,campo grande,MS
1caf283236cd69af44cbc09a0a1e7d32,33,3,917.6,4.61,0.0909,nova iguacu,RJ
3bdff180c7e1f6551a643b99c265a120,56,3,3008.2,4.25,0.0536,sao paulo,SP
1961c3e1272bfeceb05d0b78b5bbfdaf,2,0,657.0,4.5,0.0,guarulhos,SP
b335c59ab742f751a85db9c411a86739,30,1,2494.11,4.03,0.0333,araguari,MG
95f83f51203c626648c875dd41874c7f,50,3,3077.66,3.7,0.06,borda da mata,MG
54583ab379489add547fe47b628db589,10,0,2240.0,4.8,0.0,sao bernardo do campo,SP
b6f52e346160519c24a23af05410ad32,1,0,129.9,4.0,0.0,sao paulo,SP
516e7738bd8f735ac19a010ee5450d8d,74,4,6463.19,4.64,0.0541,rio de janeiro,RJ
b6d44737c043328708f6749c2dbe50bd,61,4,5284.6,4.52,0.0656,santo andre,SP
bca9230d3bbb4efa51872bf605a2f1ad,5,1,117.57,4.0,0.2,sao paulo,SP
271c58a1d139c45eaf3316107c6d3a3b,27,2,3597.63,4.19,0.0741,sao paulo,SP
7b0df942f46435babab05d49b744b2c4,32,3,22600.63,4.39,0.0938,braganca paulista,SP
9cad4b68bb993ee401a3c5aaa2bc26dd,5,1,649.3,2.8,0.2,birigui,SP
c8417879a15366a17c30af34c798c332,25,3,1734.7,4.29,0.12,sao paulo,SP
6973a06f484aacf400ece213dbf3d946,89,15,10418.72,3.75,0.1685,sao jose dos campos,SP
2a261b5b644fa05f4f2700eb93544f2c,51,10,5355.0,3.86,0.1961,porto ferreira,SP
f4db9b37944bcb8873e6b456ee190bbf,21,2,3409.78,4.57,0.0952,itaquaquecetuba,SP
5343d0649eca2a983820bfe93fc4d17e,70,7,9819.02,3.87,0.1,santo andre,SP
ffff564a4f9085cd26170f4732393726,8,0,359.0,3.25,0.0,campinas,SP
5882820ef11c4c068eea0677a7a879b4,14,1,9925.5,4.15,0.0714,caxias do sul,RS
30829ded4523ab9224b93bc49a62c95f,18,1,6911.71,3.78,0.0556,parai,RS
9e6229250fedbe05838fef417b74e7fb,73,3,12962.3,3.89,0.0411,mirandopolis,SP
657969cca82e884d272385ec0ef06edd,3,0,139.7,4.67,0.0,estancia velha,RS
2d50d6282f8aa2257819a77bfaa0efe0,42,6,3008.48,3.81,0.1429,ibitinga,SP
671585f5a2af58b6e276bc01003c0d2b,27,0,1244.0,4.7,0.0,curitiba,PR
257e61d3251fb5efb9daadddbc2cf7ca,12,0,7729.0,4.75,0.0,apucarana,PR
7a2d2949aea47fab95fd98d6c9f618b1,11,0,1638.99,4.27,0.0,curitiba,PR
e603cf3fec55f8697c9059638d6c8eb5,7,0,270.0,4.57,0.0,pelotas,RS
1fdc574883ef3b33ad41562d93f3a74a,18,1,4251.0,4.44,0.0556,limeira,SP
b4a476fbd28de64b1e347abf9089366a,30,3,4479.04,4.14,0.1,itapevi,SP
d2e753bb80b7d4faa77483ed00edc8ca,14,1,1320.7,3.68,0.0714,porto seguro,BA
f8e2c1b59cd4225a3e4fd0d013a76b93,2,0,219.8,5.0,0.0,ribeirao preto,SP
527801b552d0077ffd170872eb49683b,90,9,17942.8,4.47,0.1,garca,SP
5566627eab3fe93fd6ee08798226101a,5,0,85.5,4.4,0.0,sao jose dos pinhais,PR
f1c1ac3f3efc07e659c035008e615e66,3,0,2294.96,3.33,0.0,sao paulo,SP
4c1c7281388a33dd06daac44f9fadbd1,5,0,188.32,4.8,0.0,marilia,SP
72431a818f97fe6ab9c81eee3e297e54,1,0,229.9,5.0,0.0,rio das pedras,SP
79ed755314cfe6df0daef2c6cd3022cd,23,0,3907.5,4.73,0.0,rio claro,SP
6b333a05bf188ef3e1f1662a86bd9855,12,1,3990.91,4.33,0.0833,brasilia,DF
2f4b0d3b9634b647d4edee577d7ebb7e,10,0,337.9,4.9,0.0,sao paulo,SP
578fa3a9cb6b6dceab39231ad59cdaca,3,1,150.0,3.67,0.3333,fortaleza,CE
b1b3948701c5c72445495bd161b83a4c,14,9,21519.5,1.93,0.6429,sao paulo,SP
de66a66f2dd06bb9ec37aa96987466a3,7,0,353.32,4.14,0.0,rio de janeiro,RJ
eb72802c83dc7547529c9546d1a9b8ef,8,0,1063.92,4.63,0.0,rio claro,SP
0b35c634521043bf4b47e21547b99ab5,50,8,13235.65,3.41,0.16,teixeira soares,PR
5f26c1408a65b42a7224cd463bdf3292,10,0,1139.8,4.8,0.0,arapongas,PR
8ff1a9df749e454105c55cda13e79143,13,0,1400.6,3.73,0.0,marilia,SP
6fa9202c10491e472dffd59a3e82b2a3,3,0,7014.24,4.33,0.0,sorocaba,SP
5ee7fd217d08dfe5d3e2f51f96a12c9a,9,2,1165.5,3.44,0.2222,vargem grande do sul,SP
9aa388272ee334b6ae07bc73706e254a,6,0,678.0,4.33,0.0,muriae,MG
8d79c8a04e42d722a75097ce5cbcf2ef,26,4,2627.82,4.58,0.1538,caucaia,CE
33c51922b6e3c16b24a8f28e5833c99d,18,1,6657.87,4.24,0.0556,londrina,PR
10089e9f2fd0c668a8fd4e52e1698888,3,0,1139.9,4.33,0.0,sao jose do rio preto,SP
4cc4fd4fdd406a85bbdc1f824b731bd7,1,0,539.98,5.0,0.0,toledo,PR
3afc536624bc2e65bddfb5db33cc01f3,6,1,312.0,3.5,0.1667,belo horizonte,MG
1c40343cc5d18c2d8248ac2f3366de34,21,2,2461.41,4.62,0.0952,limeira,SP
6eb94e1466490d327a09abf8f3552a50,9,1,1372.95,4.75,0.1111,jundiai,SP
7a9c12e235c36247c3c81f50d6ea9cea,5,0,983.9,4.6,0.0,sao caetano do sul,SP
8ccf3cf69651cc1d8a02c8bfaf3b8568,2,1,250.0,3.5,0.5,rio claro,SP
157c3e4b42f81ac4a44e8b1ca2fe9876,23,2,2548.5,3.7,0.087,sao paulo,SP
397c4d0c005b6f41f90098ac724e28cb,5,2,8177.0,4.4,0.4,santo andre,SP
c42fd8e4d47dfb18ce5222f2dd7752f9,7,2,466.99,3.8,0.2857,osasco,SP
c0f783394e37cd9c9d7f5f81141450fa,6,0,249.4,3.6,0.0,piracicaba,SP
7dc8c42cc750eeafea6c85712ffee9bf,41,2,6409.68,4.2,0.0488,sao paulo,SP
dc7192adf8ba09569261f4a8d576afe0,7,0,917.0,3.86,0.0,itapeva,SP
eb3071b9f0b0ddaa2df5ea130f09f26b,9,1,6230.0,4.56,0.1111,sao paulo,SP
a7d0f8dd44f57ef6de7f7f02e3d82630,2,0,73.79,4.5,0.0,sao paulo,SP
76623fde66e6b63b59440fd34160512d,3,0,65.4,4.0,0.0,guarulhos,SP
31eec405c9bb71dec8e2629a92e764fa,5,0,256.89,4.6,0.0,cachoeiro de itapemirim,ES
f805b96fa705ba7995a221f1749dc141,7,0,2744.44,4.43,0.0,maringa,PR
78ef7e885d17f35e2382a47aae8b8cce,3,0,388.0,4.67,0.0,santa cruz do sul,RS
e5c84227854980f1db19a58958c551d9,4,0,72.81,4.75,0.0,fazenda rio grande,PR
86ff3eaef0267069cc891a2ed9d10a17,7,0,409.75,4.71,0.0,palhoca,SC
f593898ec748b7a8cb81fc04edafd98a,19,3,2588.04,3.68,0.1579,pedreira,SP
7315baebc0572ff220d226283dc66728,2,0,49.85,4.0,0.0,sao carlos,SP
49f8d2ea7b718d0ce587d34207caf2b4,1,0,149.9,5.0,0.0,sao bernardo do campo,SP
b416191c9813d821a295cfabafff4161,2,0,117.8,2.5,0.0,franca,SP
68f86ba270525243e68ae74044f992b9,10,1,777.5,4.5,0.1,rio de janeiro,RJ
c8e135e7b21ecbc36c1153a29d2f5a06,7,0,1165.5,4.86,0.0,sao paulo,SP
ae9690c6e8fee182c28c9ff8e11ca52c,1,0,47.4,5.0,0.0,sao paulo,SP
66fd84ee7528c0c0de85d0f44a73d5ab,11,1,1438.11,3.36,0.0909,campina das missoes,RS
1f867308a0ce13133a4e639ff4de0c02,7,0,875.1,4.14,0.0,curitiba,PR
45213867cefbf2cd4c6177e10216a951,14,2,4955.42,3.86,0.1429,araras,SP
a5a1bfcf728ab0e19182959cf0771ee4,21,2,1812.96,4.33,0.0952,socorro,SP
713e3a23ca5e47786eb6f0d99f94cfac,4,0,1126.0,4.75,0.0,curitiba,PR
2bd05d410a8fd26dc4184a15f4f2f588,6,0,1316.73,5.0,0.0,belo horizonte,MG
fa74b2f3287d296e9fbd2cc80f2d1cf1,5,2,1274.49,3.2,0.4,presidente prudente,SP
23ff42c4bf1f8f16cddb19d8b972974a,2,0,174.7,4.0,0.0,itau de minas,MG
385799a1cddbd26dfeb9157356a42282,4,0,551.94,4.75,0.0,sao paulo,SP
535bf14f36346c7f59d87cece104d70c,1,1,50.0,4.0,1.0,rio de janeiro,RJ
0ade5cc4a305ed7093a23f68ca47519c,2,0,158.88,5.0,0.0,curitiba,PR
9da1ca0bef29ee170e541927a5aeabdc,6,2,1484.4,3.0,0.3333,votuporanga,SP
76d336555bb25f3165d2f0d6da719c40,1,0,165.0,3.0,0.0,sorocaba,SP
bab0a8cd684e41ba6e2637dca0979d3b,1,0,269.9,5.0,0.0,rio de janeiro,RJ
b8578d2d823bd8e251f6fdd02b40902d,9,0,1255.6,4.44,0.0,blumenau,SC
94231344608e603693b0a8891143f65d,3,0,722.0,4.0,0.0,porto alegre,SP
fd435faa3c0422b60440ea3480d0e77c,1,0,749.0,5.0,0.0,joao pessoa,PB
1284de4ae8aa26997e748c851557cf0e,3,0,1459.97,2.67,0.0,laranjeiras do sul,SP
e51f22821f0c12a16ad5c020cdcd55e9,4,0,898.71,4.75,0.0,carapicuiba,SP
8c91bfea4263b8fba54081460693e2a1,2,0,739.0,5.0,0.0,horizontina,RS
e9c2dc0dd4ac38448289be644ac94f42,3,0,118.39,5.0,0.0,joinville,SC
30c7f28fd3a5897b2c82d152bb760c17,6,3,1849.38,1.4,0.5,niteroi,RJ
ab91571efab27993ff2f6b36e38055c3,3,1,102.24,4.67,0.3333,sao paulo,SP
a3b42d266fa8afc874b909422ce88582,1,0,839.4,5.0,0.0,orlandia,SP
aae5e7b457a3c72ee230a47d98fceda5,5,0,604.8,4.2,0.0,sao jose dos pinhas,PR
3c3017960b2dbd72711a61f0400aab8f,9,0,878.9,3.89,0.0,jaragua do sul,SC
333c4210e76a1aa2ab817b99437e3ff1,2,0,335.0,5.0,0.0,vargem grande do sul,SP
6dd7dce75cd55c1ce255dc38d9f0cd46,1,0,75.0,4.0,0.0,palhoca,SC
b3e2faf2c1004d674f16a3aa3197f0e1,3,0,61.47,5.0,0.0,ribeirao preto,SP
cbf09e831b0c11f6f23ffb51004db972,10,0,1535.2,4.4,0.0,sbc/sp,SP
5c030029b5916fed0986310385ec9009,7,0,4164.4,4.86,0.0,sao jose,SC
2b3b9ce054da76a7428df143a567b156,5,0,301.0,3.6,0.0,sao paulo,SP
11fb6f6d341adbe19e81733701704635,3,0,1197.0,5.0,0.0,sao paulo,SP
f9eedec3129e8cc6b6429c42d0808c5b,2,0,789.8,4.5,0.0,"rio de janeiro, rio de janeiro, brasil",RJ
6601ee6383e7f452be71929f8de48bbb,2,0,153.6,4.0,0.0,ribeirao pretp,SP
11938fcc75f6902fea1d0a6f72b54a57,2,0,594.98,3.0,0.0,sao miguel d'oeste,SC
2dd1fb6f0e42a2243b8a01e40cd41216,3,0,686.89,3.67,0.0,curitiba,PR
7f5e4d5efad7e44b91115dd1decb65f3,3,0,179.9,5.0,0.0,jacarei / sao paulo,SP
9d69ba0a7a626a64dc5db08e529559cf,1,0,19.3,5.0,0.0,ribeirao preto,SP
818d28f936e791926d33bcb6ee94ef79,4,0,111.6,4.0,0.0,sao paulo,SP
a20d8058c866dbaeca014d2cd20ac62e,2,1,1194.0,5.0,0.5,sao jose dos campos,SP
8a1ff5c35f6595a73fef4c7b96e4908a,2,0,1598.0,5.0,0.0,sao  jose dos pinhais,PR
9bade61a92bed55a25d2b67b9f4ed739,2,0,117.68,3.0,0.0,sao jose dos pinhais,PR
d8cf3b6a2151949f930d0252b180ec42,6,0,623.7,3.5,0.0,mandaguacu,PR
25debeafbce801fdd479539350185eee,5,0,237.85,3.0,0.0,igaracu do tiete,SP
443d880f15cbd3572885e1d44bf2c478,1,0,94.8,2.0,0.0,marilia,SP
0fe2d9733ed841eb064503920015a8c0,3,0,389.64,4.67,0.0,ourinhos,SP
51209b446b2073894bdc0face6c73ffc,2,0,359.6,4.0,0.0,vila velha,ES
8fbd63429be6d3e5e6d1a709b6464802,6,0,1061.4,4.83,0.0,santo andre,SP
979e9f8b5b39dd243a2550c8b05aecf0,3,0,525.0,5.0,0.0,sao paulo,SP
c76d418370990614e89e956c7a7567d9,2,0,305.24,3.5,0.0,taboao da serra,SP
17998cf586426bf0f2c3726cb0a4b211,2,0,69.8,4.0,0.0,belo horizonte,MG
46ef1a25845fc051c2998d878354810c,5,1,250.41,4.4,0.2,claudio,MG
68ca56ce86830f3d31b1b7ec6a54da3e,5,0,599.69,4.0,0.0,guaratuba,PR
7dea6f73af847b42cc3985bd620f994d,2,0,324.0,4.0,0.0,cascavel,PR
51f108f62cb87d61918159902c8f8583,3,0,303.73,4.33,0.0,cascavel,PR
c3e2398fcc7e581cda2e546557bf6968,1,0,14.9,5.0,0.0,sao paulo,SP
eae9af4811c294c56795d70e715b7337,1,0,15.9,5.0,0.0,sao paulo,SP
ec5c1d94df153d473b37f880977ae58e,2,0,199.67,2.0,0.0,rio de janeiro,SP
e82de6494d91d3c4c54450f59b227a94,3,1,118.9,5.0,0.3333,ibitinga,SP
bb135baca94c82fcb731335ad5b04a03,18,0,1049.8,3.06,0.0,sao paulo,SP
bc07d855eac23aab5ac8a120f21d16b2,11,2,1202.62,4.45,0.1818,mogi das cruzes,SP
80f2cf9abf6b5a0e5c612b5eea6646e6,6,1,654.08,5.0,0.1667,sao jose do rio preto,SP
d9e7e7778b32987280a6f2cb9a39c57d,11,4,722.5,3.55,0.3636,sao paulo,SP
b274baf5bbd142410eb2958cf685d684,7,0,585.9,4.29,0.0,montenegro,RS
4003520d80d0bad1d5623f7aa3c63cda,1,0,70.0,1.0,0.0,rio de janeiro,RJ
3be5841cdcc46de4ed3f9116f104b2c5,4,0,599.6,4.75,0.0,barueri,SP
999f6d9a1c7c81f43be44c6b7d076210,2,0,28.0,4.5,0.0,sao paulo,SP
40ec8ab6cdafbcc4f544da38c67da39a,2,0,117.8,5.0,0.0,francisco beltrao,PR
c500367424994318b9e779ff1ae9a330,9,1,4346.4,3.78,0.1111,paulinia,SP
52092ddbd3a58c450a4459bf051b2287,6,0,351.7,4.33,0.0,dois corregos,SP
d63c73efd41eb002280e7ec831424edb,2,0,5598.0,4.0,0.0,piracicaba,SP
131fcb0a0c9a47bba4474aacff0f14b7,4,0,369.8,4.0,0.0,sao paulo,SP
a53f60f05f822b5c621a50ff6a5cb362,4,0,415.4,3.67,0.0,uberlandia,MG
48b6c3f4c6a93171da04b75313f2130f,2,0,290.26,5.0,0.0,osvaldo cruz,SP
4fb41dff7c50136976d1a5cf004a42e2,3,1,1230.0,4.0,0.3333,feira de santana,BA
0f7eea709efdf942b5f95c7516dbacd7,3,0,195.74,4.0,0.0,pedrinhas paulista,SP
af7cdac9d9897cddead9c6b08976c642,6,1,543.54,3.67,0.1667,laranjal paulista,SP
160e4f13fd3a64b1b86807be88b5ffb0,4,0,886.0,4.25,0.0,colombo,PR
7ad41305e96a6cab8294cd65891e9a86,2,0,180.0,5.0,0.0,rio bonito,SP
b906dd0e57f282c7089171b6ed07982e,2,0,175.0,4.0,0.0,parana,PR
03a2a6dcbe45d639c4dc2a0d24769c40,9,1,1078.41,4.11,0.1111,maua,SP
84deb808079d1be601c209c1e771b1cc,2,0,34.93,5.0,0.0,curitiba,PR
058cb5aeb36d7c0fcae20fc85d5e0a59,11,1,1236.0,3.82,0.0909,rio de janeiro,RJ
e5545d4d4473876ea78c5bcebca365c3,1,0,44.5,5.0,0.0,marilia,SP
8629c241b3622ac12cd4118afdc8d394,13,1,1167.66,4.08,0.0769,ribeirao preto,SP
e83c76265fc54bf41eac728805e4da77,8,1,237.3,3.63,0.125,aracatuba,SP
bdb3edbaee43a761e2d4f258dc08f348,5,1,259.5,3.8,0.2,lencois paulista,SP
cecd97bc34ed8330bd4cd15713eda670,1,0,57.99,1.0,0.0,cordilheira alta,SC
f783a638e9c6af4a7d0dbfde811e7a81,5,1,849.8,4.0,0.2,sao paulo,SP
8a207b6080964f3c1fc9d35bd6096ba4,2,1,553.7,5.0,0.5,jaci,SP
90b57083da5d803237da74daec6dcb2b,2,0,206.9,5.0,0.0,curitiba,PR
d58d521f3789def2e7a22715e0badd93,2,0,65.98,3.5,0.0,sao paulo,SP
6548c2550b6e2d8f18053216e1c7b6f3,3,0,217.7,5.0,0.0,diadema,SP
534a01cc6df1e034e05c32028a291fa2,5,0,235.59,4.4,0.0,jundiai,SP
05730013efda596306417c3b09302475,4,0,952.0,5.0,0.0,criciuma,SC
3f9be91358837bff69df67edfa3e42e8,7,0,569.7,4.43,0.0,londrina,PR
a63bfbaa882c8f4542891b4e2246cc7f,6,1,5682.0,5.0,0.1667,niteroi,RJ
07e8e8fc5222bb358e6f259da3197074,2,0,51.8,4.0,0.0,sao paulo,SP
b586cd24c010a13916af621b0325fbba,6,0,1108.94,3.83,0.0,rio do sul,SC
09883d9ab71c8fe8a9bfc7fc3075b07e,4,1,269.6,4.0,0.25,sao paulo,SP
788f22bafdd7ab0e1e79f19db72f16a4,2,0,125.8,4.5,0.0,sao paulo,SP
800214c63934acd05d47e84214db8ba8,3,0,199.7,5.0,0.0,jaragua do sul,SC
8d92f3ea807b89465643c219455e7369,3,2,121.2,1.0,0.6667,sao paulo,SP
6e13dd869aa7185f601c941423abcc8f,5,0,522.0,4.8,0.0,sao paulo,SP
89c127985a8b130cfa45c1d36764017a,6,0,1334.67,3.4,0.0,osasco,SP
6750d71153f00fc58829af2a8ef1bcf1,6,0,3514.0,4.17,0.0,rio bonito,RJ
519a7aa428f18d125a283cf8c014fdd6,3,0,79.7,4.0,0.0,rio do oeste,SC
70b52a4cfc823994561b00bad161b4ed,8,0,585.0,4.38,0.0,sao paulo,SP
ce33c6211beaa8fef4cae8b52db39862,1,0,49.0,3.0,0.0,suzano,SP
2ff6b7bff164ef05590a52734e1296da,7,0,1803.59,4.71,0.0,londrina,PR
92d14edfb62ee5ae7fdff70b0f4e7233,8,0,322.0,3.38,0.0,sao bernardo do campo,SP
e9874ae10b2d60d43917b6bbfa13a599,1,0,199.0,5.0,0.0,rolandia,PR
2bdb95a56a36ebbc6640337ac5eac174,1,0,89.9,5.0,0.0,sao paulo,SP
5b35136197710e16ac5e7b7c2bd4ea85,7,2,3104.2,2.57,0.2857,rio de janeiro,RJ
efff9341f3f8f5237b44ff67ed36a7bf,5,0,872.99,4.4,0.0,vitoria,ES
876182d1918783bbe15233febfbd4926,3,0,120.27,4.0,0.0,sao paulo,SP
ba8e85df286308fe68a2ce83a8f8b2d6,1,0,80.9,5.0,0.0,santa catarina,SC
3e46a38ee171c503c3b4a3f23fe3bf0c,1,0,59.9,5.0,0.0,sorocaba,SP
42b6488f5b8246d9141712abd4b1b693,2,0,247.99,4.0,0.0,maringa,PR
1b61fb1f0f2185d89e9a126c498e9cc7,1,0,49.7,5.0,0.0,maringa,PR
a13aaf2d2886ab9fb30fb9a920160b8f,4,1,1011.52,4.5,0.25,joinville,SC
0ee4fb99ac55ffbbc98795aa01b7f8fa,1,0,59.9,5.0,0.0,santana de parnaiba,SP
dcb7367a92f5ffb89f1e2152ed260285,1,0,79.9,5.0,0.0,osvaldo cruz,SP
a00824eb9093d40e589b940ec45c4eb0,3,0,9399.97,4.67,0.0,bofete,SP
693660429f9dc4ff704eb3d88dad54d7,2,0,124.0,4.0,0.0,santo andre,SP
544863df86ed3b78a04e0820d41430ee,1,0,23.9,5.0,0.0,serra,ES
f26d70155c2b6326fcfa1780c8c684e4,1,0,202.89,5.0,0.0,presidente getulio,SC
47648caee88ccfe951fbb27fbf7b4cbe,3,1,1564.99,3.67,0.3333,diadema,SP
bd4ff04377f974574f7f0bf9d6ce7dde,4,1,164.96,3.5,0.25,santa maria da serra,SP
1bc2e21de46adfea6b98cc96b00f3b40,3,0,1039.95,3.33,0.0,joinville,SC
2fa13c8bd5705d279f7ed5cc9ec61c68,2,0,87.4,5.0,0.0,sao paulo,SP
f205b1a3ca9a34e0f8a228bae6e4c7b3,8,0,1088.0,4.88,0.0,cachoeirinha,RS
3a1a1fec38dd360f15fc912e821e169d,15,4,2007.38,3.87,0.2667,sao paulo,SP
5c3460cd3e8a984382ae254e7dd20d9f,9,0,775.76,4.67,0.0,sao jose do rio preto,SP
26e13b6ff5b641b329e5524241ee2c93,4,0,119.7,4.0,0.0,franca,SP
bc30de0d71bd6260b936a026b5cf7200,3,0,392.37,4.67,0.0,pedreira,SP
43a1d4bab73b816e44ef4e4facd9f9b5,1,0,189.9,4.0,0.0,maringa,PR
4e85b538b0dad58852641540686d0e14,4,2,361.98,3.75,0.5,sao jose dos campos,SP
1f7dfad2cb384ea4d2d7e1ffbd78c407,1,0,49.0,1.0,0.0,sao paulo,SP
a5259c149128e82c9d6d46e0c1c812bb,8,0,1182.26,3.88,0.0,ji parana,RO
70126eecc6aa1274392a1743866e9678,3,0,97.4,5.0,0.0,barueri,SP
9dc79dd988ac42f4d56c340d7048420a,4,0,749.6,4.75,0.0,sao paulo,SP
674207551483fec113276b67b0d871ff,1,0,119.9,5.0,0.0,sorocaba,SP
3442033154be05bac582e173ef54fd12,1,0,161.0,5.0,0.0,sao paulo,SP
1cbd50a8c52e6cf8e315c5709fab386f,9,1,785.97,3.78,0.1111,fazenda rio grande,PR
7ecef8194babfec876ca720714327841,7,1,990.5,4.29,0.1429,campinas,SP
ae45ad30c2d2e5913094769690a239d2,1,0,251.8,5.0,0.0,franca,SP
e2c92f9c1c7746d899d18f2e158bbff7,12,0,1641.9,4.58,0.0,sao jose do rio preto,SP
70125af26c2d6d4ef401a1d02ae7701f,5,2,371.2,4.6,0.4,goiania,GO
34675b28b826facfde119785bf287dc1,1,0,21.99,4.0,0.0,cascavael,PR
8def3db7f272735afb2ecd03aeca09a7,2,0,196.0,5.0,0.0,rio de janeiro,RJ
2a167ca73899c85001a837d8fb4962f6,2,0,4097.0,4.5,0.0,sao paulo,SP
5f5a58930c3c35f3b5af264f34fb8c85,3,0,560.0,5.0,0.0,ribeirao preto,SP
52bb00821bcdd358a5a5a27e1f6be5a1,2,0,349.8,4.5,0.0,osasco,SP
533d46c1b06970e99f09523a61df4972,2,0,159.98,4.5,0.0,itapetininga,SP
dd264199fc8b687ad029de7de6d760e6,1,0,87.9,5.0,0.0,cascavel,PR
6824a69c9ea0313eba299dd4a2dba09a,6,0,666.9,4.67,0.0,formiga,MG
698624c6632eeba1774924dbea24c700,1,0,19.9,5.0,0.0,sao paulo,SP
f7315bb81aea4ddca2d39e249a801c98,2,1,379.8,4.5,0.5,guarulhos,SP
a254c682cc01e119f83530446f1df9a9,6,1,569.4,4.0,0.1667,cafelandia,SP
c04d70d515d15a7e3db3a73320598566,3,0,158.2,5.0,0.0,niteroi,RJ
24a6daf925d9d591870a66660416de31,2,0,60.0,4.5,0.0,robeirao preto,SP
6c6e3d67f969468f3bfd33f827a31222,5,0,224.0,4.8,0.0,maringa,PR
51ed72984a04e5dd35c2b27e77179038,7,1,1294.3,3.57,0.1429,sao jose do rio preto,SP
85e7c62c1d6ea078c3897424f867a7c8,2,0,60.0,4.5,0.0,itapema,SC
d8d9567d0bfb0bc7eb845a205ba42657,4,2,74.6,3.5,0.5,sao paulo,SP
d26aa40b90272d4843d63be7c1462c8d,2,0,152.9,4.5,0.0,sao paulo,SP
3f84fefc07dc159b268d4a77d3e8c425,3,0,200.6,5.0,0.0,fazenda rio grande,PR
0936e1837d0c79253456bbb2ffaaef10,1,0,38.9,5.0,0.0,sao paulo,SP
562f8cfc51f265411f487d07e9c40e7f,13,2,766.92,4.54,0.1538,belo horizonte,MG
42fb44130ac3134cde8e35cf8ec7df25,2,0,43.8,5.0,0.0,pinhalzinho,SP
29e6e05b65f93bc224c644319dc52ecf,4,0,475.6,4.75,0.0,juiz de fora,MG
13e85aac53340018b40c2af68001b7e0,1,0,17.8,5.0,0.0,pedreira,SP
4aba6a02a788d3ec81c03137144d9a80,1,0,89.9,5.0,0.0,canoinhas,SC
2f9b7ce230a057a98a9f5df5893ee36c,2,0,141.82,4.5,0.0,barueri,SP
dd4d95ba2d15c071e6c695e2ef6ce169,4,2,1748.0,4.25,0.5,cachoeiro de itapemirim,ES
5bc237df65098fe211bb4818f4d26d78,2,0,126.8,4.5,0.0,uberlandia,MG
700f03c207639c22d933381ff60b35c2,4,2,1189.86,4.0,0.5,barretos,SP
661ad5fcc28cdfb8bcadb12bb2272475,4,0,209.93,5.0,0.0,balneario camboriu,SC
880ce4951cf857ab1d9e0b75c1d856f4,1,0,178.9,5.0,0.0,belo horizont,MG
cbbd5ae8f53de5f5097cd8217b529e24,1,0,175.9,4.0,0.0,santana de parnaiba,SP
4a23adac87cf538689fa600d976f78b2,3,0,405.0,4.33,0.0,sao paulo,SP
7586919161935337bf6b6d7ff5779648,11,2,1664.71,3.82,0.1818,rio de janeiro,RJ
dbbcfe2c8d026742134ac3e28ccde274,4,0,308.59,4.0,0.0,curitiba,PR
c8771b1a10bb99bb34d3c459c5cffb53,1,0,64.9,5.0,0.0,tocantins,SP
3ea08c48e851106d2f584349daba335f,1,0,170.0,4.0,0.0,barbacena,MG
f18112da765e0971ca5d510dec322bdd,2,0,327.8,4.0,0.0,brusque,SC
be9a160a9011f627c3e121d076c1ec7b,5,0,2055.0,4.6,0.0,jaragua do sul,SC
15ead3a5037a918ddb520dfe39a3d2b9,6,1,254.5,4.83,0.1667,conselheiro lafaiete,MG
5721089ba9214e80074f27d5a03fc0eb,5,0,245.93,5.0,0.0,sao paulo,SP
ed46f1eb4a638113deb2a1137b5f22e9,4,0,3470.0,4.0,0.0,indaial,SC
bbe87dce25ba8b38bb61cc7210a3f10b,2,0,287.0,5.0,0.0,sao joao da boa vista,SP
4be9ae93c4fc0f41713d71a4194ee1b3,1,0,109.9,5.0,0.0,divinopolis,MG
c0f3eea2e14555b6faeea3dd58c1b1c3,1,0,79.99,5.0,0.0,sao paulo,SP
dbec9a0a7efeff029d4d9dce7dc4cc95,3,0,1170.0,4.0,0.0,belo horizonte,MG
07017df32dc5f2f1d2801e579548d620,8,0,946.49,4.0,0.0,joao pessoa,PB
5eeb9c756d9780b96283e5a2ac6da334,9,2,2471.0,4.22,0.2222,ribeirao preto,SP
f5fea3ffed6c2e889bab72705557c63a,1,1,345.0,5.0,1.0,rio de janeiro,RJ
54065e9aef7e9e9c2dc23b7594db021a,12,0,7079.0,4.33,0.0,rio de janeiro,RJ
b3809b8d4394588a47c8470ea331e135,1,0,89.0,4.0,0.0,sao paulo,SP
8ca5b19e0263150d2c57afdde2b3d011,3,0,180.6,4.67,0.0,maua,SP
0336182e1b3e92f029d5354832045fdf,1,0,29.8,2.0,0.0,ibitinga,SP
324583d68897f5ddbaf38f6248322176,2,1,84.0,1.0,0.5,sao jose do rio preto,SP
05feb94f19d094d4b0f9281f0b1d4c99,6,0,9353.0,4.5,0.0,mogi das cruzes,SP
2c538755f1ca9540af144f266e70df6c,1,0,334.99,5.0,0.0,castro pires,MG
f92d8c817434bd2d84d4e9c61322b7fa,5,1,174.84,4.6,0.2,sorocaba,SP
c32fc744b9160ac853450488e3cfea93,2,0,65.8,3.0,0.0,ribeirao preto,SP
270572bb714b00531be85e16e1550f26,1,0,96.99,5.0,0.0,maua,SP
52b53f7061969fe471d119b6195da864,1,0,90.0,5.0,0.0,itajai,SP
9558aa23f77a9e0a0eca83540999f43b,1,0,39.0,5.0,0.0,apucarana,PR
f44bdc12aa39f5271f0b95f66cd4c289,5,1,357.5,3.2,0.2,braganca paulista,SP
74bafed391319577bce6f4d2acc0589a,3,0,1847.0,2.67,0.0,sao paulo,SP
8fff28c4263ddec387f28d237fb42773,2,0,58.6,5.0,0.0,sao paulo,SP
782f78b632a43875dd5b53e3e49c9564,1,0,97.34,5.0,0.0,campinas,SP
4b90495391ac0bd181a80a459df1e718,1,0,248.0,4.0,0.0,bage,RS
cb0b3bcf14e0a709df412a99424a59d7,2,0,460.0,4.5,0.0,sao paulo,SP
c79151301b9d90985d1fa52879213105,3,0,267.1,4.67,0.0,maringa,PR
b29d3380981c51df13fc6fbe87e1763d,6,0,435.3,3.83,0.0,ribeirao preto,SP
2ec6e37d992a95eaddb3369dcbcc76d9,2,0,159.8,1.5,0.0,porto alegre,RS
7c51de0ab286204ce75ff42bf7c10d92,4,0,759.0,4.5,0.0,picarras,SC
f08a5b9dd6767129688d001acafc21e5,11,2,14069.63,4.27,0.1818,porto alegre,RS
4ea2f12dbe91deeacd2c1e74f069a6e6,4,0,210.2,4.75,0.0,sao paulo,SP
d5b9a084373da994a6e37f732169a853,7,2,1769.0,3.57,0.2857,santo andre,SP
52a52b9f656520e99716f5bc40f661c8,7,0,783.1,4.0,0.0,sao carlos,SP
b88e7c57cb2d8b973b7dd4a2bfa14b36,4,0,353.9,4.25,0.0,curitiba,PR
8759e7aedd644f487315e5860962f162,3,1,627.0,3.67,0.3333,santo andre,SP
c522be04e020c1e7b79f3acff36513d5,6,2,649.94,4.0,0.3333,santana de parnaiba,SP
41da412d33e8da4f22baf55cb1bde82c,15,0,862.9,4.67,0.0,domingos martins,ES
249f0e9905a6e06ad6c6bea7547ab9f6,3,0,347.95,3.67,0.0,rio de janeiro,RJ
762ed976527cddf02787edba70fffa2a,3,0,179.8,2.33,0.0,londrina,PR
7cf4ea70955b00d6b3c22542598e2715,1,0,189.9,5.0,0.0,sao paulo,SP
5d378b73ab7dd6f0418d743e5dcb0bd1,6,1,11254.0,3.83,0.1667,sao paulo,SP
dda37071807e404c5bb2a1590c66326f,1,0,199.99,5.0,0.0,sao paulo,SP
0743a0239d764b9a0f959a57d07e36ab,4,0,336.96,4.75,0.0,sao paulo,SP
bd4431c1a8dfa744b59e1e2a8bc99b9e,7,0,809.5,4.57,0.0,rio de janeiro,RJ
bd65d163ded559eb90a10cd09fec178f,1,0,19.8,4.0,0.0,sao paulo,SP
1710c3aaa9c6b44ec3883ee0fe300e21,2,0,1188.9,5.0,0.0,sao caetano do sul,SP
a9b533a26e898b12e8b8d4c07279bf4d,4,0,119.6,5.0,0.0,rio de janeiro,RJ
bf961104a38e01b9062ee026bb657dee,4,0,585.56,4.5,0.0,ribeirao preto,SP
741f8c587cb4248ebc5b779a0e8e0e51,5,1,89.95,4.0,0.2,santo andre,SP
78a4d36f65a019172c6154468831a69f,7,1,1545.5,4.29,0.1429,bauru,SP
c03121937e54a93fcc1825c3098bbb6e,7,0,1043.0,5.0,0.0,curitiba,PR
6d7f8d9d594e28796b6b3205b00f459c,3,0,417.9,3.67,0.0,curitiba,PR
160851d3ece7aa1a510f8d1a4bb8a8af,2,0,102.05,5.0,0.0,garca,SP
53336f97ddbe53e2a617d07b17447b95,1,0,599.5,5.0,0.0,sao paulo,SP
b55638ad525e906c698fa2ce742c1742,11,2,1094.8,4.18,0.1818,imbituba,SC
9ed65337433adfbedefd23dd76eaa494,6,0,1262.6,4.83,0.0,sao paulo,SP
b37c4c02bda3161a7546a4e6d222d5b2,4,1,24075.0,2.25,0.25,sao paulo,SP
12c2ed9cded6138cf0c75f525f565fc7,4,2,314.96,4.25,0.5,praia grande,SP
b7cc6c5e001441ae8cdd5c69a480cbe4,5,0,452.8,4.6,0.0,curitibanos,SC
fdaaf5bfda82b7b80535610c831b8d09,10,1,2588.9,4.2,0.1,sao jose do rio preto,SP
10264f60a8f0a4d2f30810f5c661c673,4,0,284.6,5.0,0.0,campinas,SP
0b0ddbc7b9d9584f442c7ac92b0ff6c9,3,0,1416.76,4.67,0.0,guarulhos,SP
eb9267cccc90f1b49c8d2f9887c7dd97,1,0,319.9,5.0,0.0,recife,PE
a218df5c097b0ca409cfaac1488cc7f6,4,0,130.69,2.75,0.0,araraquara,SP
1976a05ecf2996d6ffb7b5430e635fe7,8,2,1796.2,3.88,0.25,assis,SP
e59e489e2ea74bd409b798b5daf49de3,3,0,495.0,1.67,0.0,maringa,PR
003554e2dce176b5555353e4f3555ac8,1,0,120.0,5.0,0.0,goiania,GO
6bef34c5be6f2bbd70aa5165f6df94b1,2,0,1198.0,2.0,0.0,timbo,SC
7b98de631987e26dd6d803490c43a13c,8,0,634.2,4.63,0.0,loanda,PR
010da0602d7774602cd1b3f5fb7b709e,1,0,849.5,1.0,0.0,sao bernardo do campo,SP
a72c2f59332659e361d647515c698798,5,0,802.9,4.8,0.0,flores da cunha,RS
62760d278921b5f352461620d68a9cee,3,1,397.0,3.67,0.3333,salto,SP
042573af89b6d931f672efaf789d8358,3,1,413.48,3.67,0.3333,sorocaba,SP
1f2eebc0e970fd3c463e4f5d9652687a,1,1,44.99,5.0,1.0,sao paulo,SP
44717f64ec2a457979cf83c429077666,2,0,107.0,5.0,0.0,santa rosa,RS
7df1fc11cc5cbc518b39faa60cf5d67c,5,0,1037.6,4.2,0.0,campo grande,MS
5e9f5bd34e0830569f05c9d4f56e04a8,2,0,239.98,4.5,0.0,porto alegre,RS
2ee0a0689f2f6a72f35a7cb6033f6e7e,4,0,272.0,4.0,0.0,presidente prudente,SP
5dc203c7b84a0e71e878a179de05fb9a,5,0,421.9,4.0,0.0,pompeia,SP
141440cad9341e553f8401c574a2aa38,11,0,1288.2,4.45,0.0,pitanga,PR
da03c298e3999e9d828591fc2179d109,4,0,787.7,4.75,0.0,sao paulo,SP
1e26c56af8d48424e1df0140a2401f83,2,0,258.9,5.0,0.0,jaguariuna,SP
e3dd723429d1b23614b7fa85e2c7a853,7,2,471.05,3.71,0.2857,sao bernardo do campo,SP
ec8463980a4e0ea9f8517aea1ed0c419,2,1,239.2,5.0,0.5,florianopolis,SC
c8660dcf9ba70575f45d80fe28c27713,4,1,335.0,4.5,0.25,sao paulo,SP
cac4e0bc1a3269fa2b6ea5e763f6115b,2,0,57.88,5.0,0.0,brusque,SC
3d49bfdd1b43a7fe169b3740067acc61,3,0,215.0,4.67,0.0,montes claros,MG
9996ae921c50e8dff411ac69c0b4bb8b,2,0,29.7,2.0,0.0,tupa,SP
a3b0df0065e264a91b7bbf5f844af5cd,2,0,186.69,5.0,0.0,sao bernardo do capo,SP
f3862c2188522d89860c38a3ea8b550d,1,0,15.5,5.0,0.0,ribeirao preto,SP
eaf6d55068dea77334e8477d3878d89e,3,0,51.0,5.0,0.0,sao paulo,SP
c35affa65afd250151285c5917fc1c8a,8,1,4779.92,4.25,0.125,sao paluo,SP
c9d2ba8dde44a275ae06475ed1d2fafc,1,0,28.79,5.0,0.0,uberlandia,MG
258447aad3f7b01e2643c89f64dc5647,1,0,51.9,5.0,0.0,cianorte,PR
253f95b3a0e6983ae18aed49fbc2b845,5,0,799.5,4.4,0.0,sao paulo,SP
7c462184585ae80bd6e5774c62ce50f2,1,1,60.0,3.0,1.0,campinas,SP
03bd479e1d9484cdb14104d3023f7321,3,1,359.7,4.33,0.3333,uberlandia,MG
07a9bc7f61396b658ddf3ac534efe44c,1,0,119.9,3.5,0.0,sao paulo,SP
2fdde51ad3e12f297da656d4fbd5d0b5,9,0,5803.0,4.78,0.0,joinville,SC
d1582f4043306e6b91afa6a8a884f898,9,1,990.0,4.11,0.1111,sao paulo,SP
4fe2f67634d00c021aa01f96b6f2d68e,2,0,86.8,5.0,0.0,maringa,PR
3606774ec64634822d78dc2db6d37045,1,0,179.9,5.0,0.0,sao caetano do sul,SP
f1198c871e0171278b63f40d112caeec,2,0,475.8,4.5,0.0,sao paulo,SP
226b05fe067266c59c15dae208213d06,10,0,1056.9,4.5,0.0,curitiba,PR
0b3f27369a4d8df98f7eb91077e438ac,2,0,146.51,4.0,0.0,aruja,SP
da2782c804606d2a5d8e1760dbb3e7ec,1,1,89.0,1.0,1.0,sao paulo,SP
09bad886111255c5b5030314fc7f1a4a,5,0,487.5,5.0,0.0,sao paulo,SP
9fe7c6641c79970ab48185498f547c09,1,0,130.0,5.0,0.0,sao paulo,SP
19484c79cef6c062cb177aa4ef2fcc3c,1,1,201.9,1.0,1.0,valinhos,SP
d9cb0052a666de5308b32f32ad5f1b1c,3,0,231.9,3.67,0.0,olimpia,SP
5305693ffae2d3463377b1f6fe67b15a,1,0,93.56,5.0,0.0,penapolis,SP
7a91bf945c6fae0779f1c61ce97fe45c,4,1,634.6,4.5,0.25,mesquita,RJ
f1ce5fdecd64935c28b9ff932751d0dc,2,0,158.0,4.5,0.0,santana de parnaiba,SP
0570350b23eda5444f8d1d9544932058,6,0,626.9,5.0,0.0,sao paulo,SP
abbf6046bbdf1028606a5bc7f00c99e7,6,0,1867.25,4.67,0.0,xanxere,SC
777a0c55737f34ffeb78010f7542ab41,6,0,452.5,4.33,0.0,sao paulo,SP
e72b4feb7abe210c52aa667abc25a3a2,1,0,38.2,5.0,0.0,sao paulo,SP
b76a1f8356322f12529c37b67d5c96c2,5,0,298.5,4.8,0.0,santos,SP
8fb791022c1fc8909664f48ab7dc636d,5,0,8119.95,4.2,0.0,sao paulo,SP
d93b8458c6fe139d85cfa5eadbf55bd2,1,0,19.9,5.0,0.0,sao paulo,SP
4c8545742faaf58fafd5fd14d25d75cf,4,0,3020.0,4.5,0.0,fernandopolis,SP
2039c5e51785b5dde7cf93ccb3b7be2c,1,0,159.9,5.0,0.0,guaira,SP
8c0de775f52fe41590b376a3b7c50f68,8,0,594.8,4.25,0.0,sumare,SP
13511db12ac61e2f89c53b72a944a60b,6,1,798.0,3.5,0.1667,caxias do sul,RS
929f342384a6607afe143d789ade1316,4,0,209.4,5.0,0.0,londrina,PR
4bde6149c15cf7e177b36fa060dd6de8,2,0,159.8,5.0,0.0,carazinho,RS
9b76ad3d04236f76bc71c59470305e13,2,0,394.7,5.0,0.0,boituva,SP
83c465a786b06574376909b35ef6752a,3,0,281.4,5.0,0.0,sao carlos,SP
3d700782d7818f2c1e0d7a9e9d75fc00,3,1,149.7,3.67,0.3333,sertanopolis,SP
1ca4bdb0cd7fc48e949bac066188ed26,3,1,1140.0,5.0,0.3333,cataguases,MG
9c57bc60cfad5ee62d35d3f1ce4593a1,1,1,180.0,1.0,1.0,curitiba,PR
8fbe2ee446b97e128471be4ce983dc0d,3,1,148.5,3.0,0.3333,sorocaba,SP
747e73c01a4593d4cf60dcf970fd2689,3,0,2217.99,4.33,0.0,vitoria de santo antao,PE
c9e5ad1f6647f5dbd1172adf6ae3cada,4,0,259.03,4.75,0.0,porto alegre,RS
bec568278124768c474ee90971ca94d1,2,0,219.9,4.5,0.0,sao paulo,SP
3e8bd881d92466e63ba9e3e809cd3c50,8,3,1862.38,4.57,0.375,rio de janeiro,RJ
4fae87d32467e18eb46e4a76a0a0b9ce,1,0,100.9,5.0,0.0,ronda alta,RS
8b11118053756a9a2932f447e11fc1b5,1,0,79.99,3.0,0.0,igaracu do tiete,SP
4d0041cdbe51b4617d95c70b19decc74,8,0,5235.2,4.5,0.0,juiz de fora,MG
e8ff5a6ceb895583033fc2a0f314e3c2,1,0,139.89,5.0,0.0,blumenau,SC
d7b2377bae6ace1b11fc69a11900ac36,3,1,239.7,3.67,0.3333,sao paulo,SP
51e0557bc7b86de13e946c60ee91ce39,1,0,45.8,5.0,0.0,belo horizonte,MG
a0d7fbb07bb5ebc3b05980e750db56f3,3,0,848.99,2.33,0.0,ferraz de vasconcelos,SP
5de1c80811ce7007f62f00d971236c09,2,0,76.8,5.0,0.0,florianopolis,SC
83f2b4881141ce3fcd4e985125d3279e,3,1,60.7,5.0,0.3333,ribeirao preto,SP
34a557286ead8fe75c989e0afcf7d98c,4,0,414.9,4.75,0.0,franca,SP
9fbd5666d8618fa571c4230fafa09bd6,1,0,79.9,5.0,0.0,sao paulo,SP
73da1880b39c71de2b262bc7720c1494,2,0,398.0,5.0,0.0,sao carlos,SP
c84592044b180dec206770c38603814b,14,0,491.94,4.43,0.0,sao paulo,SP
bbaff50f3b708fda865918715276cd87,12,2,449.7,4.75,0.1667,atibaia,SP
71271995e85f5b8530be99ed54a91b89,6,1,582.0,3.0,0.1667,porto alegre,RS
cd52a8efd71af3336b14b5039b951cc1,2,0,111.8,3.0,0.0,palhoca,SP
c43d924a0f1688ee9fae0efcd6f539d4,1,0,29.9,4.0,0.0,rio de janeiro,RJ
a1040efe9ff4a6f93c28b0499eada8f5,1,0,1658.83,5.0,0.0,jundiai,SP
eddd1991bd6d9309995a480c39b95137,2,0,601.0,3.5,0.0,ponta grossa,PR
f0ec78809fe0bc3edb11c9fe5b97b059,2,0,62.6,4.0,0.0,sao paulo,SP
8a8835a43bda99fd37310ad76c457510,2,0,224.34,4.5,0.0,sao caetano do sul,SP
d4a5e99e0dd915df64ba55a7fbd583fd,2,0,65.15,3.0,0.0,sao paulo,SP
9e7c5f4d7770eab65738cca38f9efccf,2,0,184.8,3.5,0.0,sao paulo,SP
ed9eef5be0992d413d251fadba1a410d,3,0,404.1,4.67,0.0,mogi guacu,SP
9b1585752613ec342d03bbab9997ec48,3,0,4248.98,3.67,0.0,rio de janeiro,RJ
bafc5aa11e413978be29040f51342e70,9,1,1679.55,3.78,0.1111,belo horizonte,MG
73b8eb4a9a729d4019b24ed1be748cbf,7,0,568.9,4.86,0.0,campinas,SP
918f6fbcf3ab724d805867303e593a1b,2,0,79.7,4.0,0.0,valinhos,SP
35fb511489d9ee3ee27a76debce9df06,7,1,414.5,3.57,0.1429,londrina,PR
5f06030071324cc52bf0304014ac7234,4,0,783.96,4.0,0.0,marilia,SP
15b3b1b81484422eb41df68ac87f1f50,1,0,43.35,1.0,0.0,bauru,SP
5733d806668f8712c24b9abaefbfa642,2,0,243.8,5.0,0.0,chapeco,SP
8fe8786ee000001ab51d030dfd4a7bf1,5,0,2255.0,4.6,0.0,paulo lopes,SC
643c01d7c56a724bec0454f4780e8a3e,2,0,205.55,4.5,0.0,joinville,SC
c458e2045a8aa8964f8879af03fdcce6,4,0,494.91,2.75,0.0,sao caetano do sul,SP
ac51cac5e20d69ff485a54746488ef48,3,0,700.0,3.67,0.0,ribeirao preto,SP
2cb6eb1b7185064167657fa09f541105,6,0,1217.9,4.5,0.0,sabara,MG
c2bda99904207edd1834f03e0022b007,1,0,39.9,4.0,0.0,sao paulo,SP
3a79f35a2344ede41af21267f61d5ec6,1,0,186.0,1.0,0.0,campinas,SP
6da1992f915d77be95d7fa48b36904af,7,0,261.0,4.0,0.0,sao paulo,SP
a2a41aedb70551d4a85aa04dc2fced48,2,0,52.79,4.0,0.0,sao paulo,SP
3fe7120d6257285ac6a3ce7cb071ccec,2,0,199.98,3.5,0.0,governador valadares,MG
b19c48688808720822399ffa9f2dbe2f,1,0,959.99,5.0,0.0,sao paulo,SP
74a9b9bddf14ece02beb81f52c41a88d,2,0,95.0,3.5,0.0,sao paulo,SP
5a9b3bcab695173c820e53934574ae80,1,0,139.0,5.0,0.0,salto,SP
4dab98ca6cd6d3df586203cefd28a042,1,0,154.9,5.0,0.0,porto alegre,RS
76c47a299e4a8fe992316a85865acbe9,6,2,1024.46,4.67,0.3333,ribeirao preto,SP
7354220fb240bde543b3c40c060d41e7,7,0,672.0,4.57,0.0,brasilia,DF
1e47d8b6546eb3a77b1acddcc9406242,1,0,149.9,1.0,0.0,campinas,SP
3bfba5a77604f6dfae7e6dd7aaf65821,4,0,2095.5,5.0,0.0,londrina,PR
80cfd480be3eb6d6267139f5cb793555,1,0,99.9,4.0,0.0,sao paulo,SP
05a940b4ecae36cadfd8e93bd9c43257,9,0,695.1,4.22,0.0,goiania,GO
89ad3263c0931c47f976d7c5778e60f6,6,0,568.2,4.17,0.0,sao paulo,SP
579891617139df7d8671d373f0669622,8,2,280.3,4.5,0.25,rio de janeiro,RJ
33dd941c27854f7625b968cc6195a552,5,0,6787.5,4.4,0.0,vila velha,ES
a066df7361163e7ddc5d7452dd17448b,15,3,1078.3,4.4,0.2,franca,SP
fe19dce63ae80346207c6c55713d1023,1,0,49.9,5.0,0.0,uberaba,MG
8a43128d7f9a3db592b866e6861a6cce,3,0,990.6,2.33,0.0,sao paulo,SP
9dd459b29a14bf89d47183cf2cd0e4c7,2,1,180.0,5.0,0.5,sao paulo,SP
0ec28cec4046a4a199b6de9b4c891d97,3,0,296.6,5.0,0.0,goiania,GO
db1f0f7c7e5e87f40b62226f020bb297,3,0,59.01,4.67,0.0,pinhais,PR
44f091b5abab8018f682fce8124b85e5,3,2,354.4,3.67,0.6667,sao paulo,SP
c0e6839516f5398edc34adf5f1d53d1a,1,0,34.92,5.0,0.0,guaruja,SP
29fe9f200d3fa0c668d2aa1ec7e08dfb,5,0,400.0,4.0,0.0,balneario camboriu,SC
74c7dec0a384d8a05950e629bd23bde9,4,0,97.78,4.25,0.0,mogi guacu,SP
a70e9066dbfd10b6b97a3f54a1356762,2,0,1716.0,5.0,0.0,mandaguari,PR
392353362d22cc2c236e1ee81ff19890,5,0,288.7,4.6,0.0,blumenau,SC
52956b80ae65fda598f06f6b9943e7a9,3,1,792.0,4.0,0.3333,maringa,PR
4e326052e5dbba8adcd512f3450a307e,3,0,570.0,2.33,0.0,sao paulo,SP
6b1c4d4d9ccf0be3d8544eb0e71e5318,1,0,1699.0,5.0,0.0,porto alegre,RS
6a53b90c3ad9e0b56d9fe5c69165fff5,2,0,139.78,3.5,0.0,curitiba,PR
52454f90d4c30c016768db02f88c1a74,3,0,80.5,3.67,0.0,campinas,SP
830379336fad8c6f3b15a4a3ddb5c66e,2,0,268.0,4.5,0.0,sao paulo,SP
717b78b0950b51ed00b1471d858b0edc,5,1,138.6,4.0,0.2,alambari,SP
e64ddbe1cbcf4f2fc3092b7c481f3f9d,1,0,20.9,5.0,0.0,sao paulo,SP
13c2ed7698b3ca92dad49e849219da59,8,0,498.61,4.38,0.0,ponta grossa,PR
17908cf9b444ee34047cadd5c0f4a516,11,1,1993.99,4.55,0.0909,anapolis,GO
c0098efcf800861dcae589affca31408,9,1,1189.28,4.78,0.1111,ribeirao preto,SP
402916f742e5c740cc751493d9cf5053,9,0,1252.0,4.67,0.0,guanhaes,MG
dd39ad39b5d3df33037e141c72497ba6,2,0,135.8,5.0,0.0,sao paulo,SP
98115075dd26cb8835946fc6086f5d30,4,0,434.96,4.75,0.0,ao bernardo do campo,SP
265fdc289dffa9f1ad801c74f7d0de47,1,0,495.0,5.0,0.0,jaci,SP
327b89b872c14d1c0be7235ef4871685,3,2,1177.0,2.33,0.6667,manaus,AM
939e6227d6964a11a70aa91243e418f2,4,0,425.0,4.25,0.0,conselheiro lafaiete,MG
b2eecf5ea250510da76590ca79d60e5d,9,0,1060.0,5.0,0.0,sao paulo,SP
41b14765bd56c8ad10971074380f9c0c,8,0,395.5,4.63,0.0,santo andre,SP
74871d19219c7d518d0090283e03c137,6,0,550.04,5.0,0.0,sao paulo,SP
c3fe93ba3085f92855c97e57f38c8c05,6,0,219.0,5.0,0.0,curitiba,PR
6f835fd4be26989b1b064399da346143,2,0,197.8,5.0,0.0,curitiba,PR
7caa63f175b1cecbfaadd8b5ab9998c7,1,0,19.9,1.0,0.0,sao paulo,SP
5db42a6cd9bf1bf0d3aab9582767f168,1,0,200.0,5.0,0.0,vitoria,ES
252e76235acb79183cfca6e34f13337d,3,0,261.2,3.33,0.0,campinas,SP
2493dc3f20131696a0ecdb9948051a8d,4,0,504.38,4.75,0.0,brasilia,DF
559d56f3b8f0bc2e5a9a62fe2ce2a39f,2,1,385.0,2.5,0.5,joinville,SC
59de1d4c8c057c2a53acd4ca66531af2,1,0,135.0,5.0,0.0,curitiba,PR
57fe6232e67823593374a2281d7a8af8,8,0,178.68,4.75,0.0,capivari,SP
d3dcf0604eabf0224fbd5948b5e02f69,9,3,2902.3,3.89,0.3333,sao paulo,SP
3d4b1ae7539303b5704493798893e82c,6,0,1076.0,4.83,0.0,sao paulo,SP
76de363de16dacc923eec8daf91df504,2,0,360.0,2.5,0.0,xaxim,SC
01bcc9d254a0143f0ce9791b960b2a47,10,0,1393.21,4.4,0.0,uruacu,GO
87b4428a334b8f676fd9a7f3bf544fb5,1,0,29.99,5.0,0.0,guaimbe,SP
6c1b6d0c604b776f844125f911eb7377,4,0,327.07,4.0,0.0,sao paulo,SP
b44dbfbf62e52125f3c15d230569ea91,4,0,609.37,4.75,0.0,sao paulo,SP
556a6409838156ea299c9d1f9e2dde43,4,0,1362.8,3.25,0.0,curitiba,PR
5996cddab893a4652a15592fb58ab8db,1,0,810.0,5.0,0.0,presidente prudente,SP
d52cbce9845184537284a23c3bc3da0e,2,0,75.0,5.0,0.0,garopaba,SC
8c9348f33ae3dada25c99c99ade2af78,2,0,312.99,5.0,0.0,carapicuiba,SP
ca7c6bd577e559472af1c699de9e764e,6,0,148.0,4.33,0.0,sao bernardo do campo,SP
119c7f1a00ef43fad0e57604e76a747c,2,0,189.8,4.5,0.0,sao paulo,SP
39a5005f2605cbdb4f9ac14485cabfd1,3,0,501.07,5.0,0.0,barretos,SP
9cf787a239c1aa29dbd76f153dc13f9a,4,0,316.0,4.75,0.0,franca,SP
43b2c864251aa0ce4030c746984e088a,2,0,94.8,3.0,0.0,brasilia,DF
50bf89f1349bc0409a268c3a49678009,1,0,179.9,5.0,0.0,jaci,SP
e88165a185134e13fdfc85d4fa654db8,2,1,108.0,3.0,0.5,ferraz de  vasconcelos,SP
4b98b0428fc1932cc2514ef9ce2505e6,2,1,327.63,2.0,0.5,taboao da serra,SP
4e0d109ccfba9a1151c103049880c857,2,0,279.89,3.0,0.0,sao joao de meriti,RJ
b2f4d63c7203f539a78252565ca32257,1,0,14.9,5.0,0.0,armacao dos buzios,RJ
96e5dc09087bad639b4ee193104ec2e5,2,0,101.9,4.5,0.0,bom jardim,RJ
fa14641f57b655e933124a9ea49cd7a5,7,0,359.93,4.57,0.0,sao paulo,SP
4ef4c39cf3c24f326434cf0b2e48046a,7,1,792.0,3.71,0.1429,sao paulo,SP
b98b715fe9e276204e2a3464f48cd796,4,1,388.6,4.0,0.25,sao paulo,SP
24c1de8d9551c0b4fbc53317d53efda8,1,0,355.0,5.0,0.0,serra redonda,PB
edb58a1390adf273840030a3d6253829,1,0,39.9,5.0,0.0,piracicaba,SP
78813699ffac347fe27dba345a5f1551,1,0,152.42,5.0,0.0,bento goncalves,RS
c240c4061717ac1806ae6ee72be3533b,1,0,59.9,4.0,0.0,rio de janeiro,RJ
513a54369b6a8a6602fcb0e129c6d78d,2,0,47.8,4.5,0.0,sao bernardo do campo,SP
e5cbe890e679490127e9a390b46bbd20,2,0,908.99,4.5,0.0,sao paulo,SP
7e79d65b5c6f1f544b7daea036acf720,4,0,517.8,4.5,0.0,sao caetano do sul,SP
69b5eaa096c3f9d1e5c398c597f567d6,2,0,938.0,5.0,0.0,birigui,SP
2d378dbb39815785238c0139c7647fb7,2,0,1154.0,5.0,0.0,sao francisco do sul,SC
87f3e35268860433e13d577825aada95,1,0,19.9,,0.0,bom jesus dos perdoes,SP
36f98ad67cc981f50ce8aed093d5783c,2,0,119.4,4.0,0.0,toledo,PR
c113b8df1fc375bc3d73d29c1b1144d1,3,0,333.0,4.33,0.0,sao paulo,SP
d4d99b60c4c94cd35acd502cec65dc8d,1,0,72.9,3.0,0.0,sao paulo,SP
1de62b6f2fd96227629786db492433db,2,0,208.8,5.0,0.0,sp,SP
d1aa1ec0839dcab73a6161130eb1f94a,1,1,119.9,4.0,1.0,curitiba,PR
7994b065a7ffb14e71c6312cf87b9de2,5,0,453.0,5.0,0.0,cariacica / es,ES
c54679b132454625907c773d273d4126,7,0,1032.0,4.86,0.0,guaruja,SP
2d34636518ba88f5349b732fcf8ba2e4,1,0,150.0,5.0,0.0,sao paulo,SP
6f1a1263039c76e68f40a8e536b1da6a,2,1,178.69,2.0,0.5,sao paulop,SP
32e5635e63cb374eb63afdd242fb6134,1,0,910.0,5.0,0.0,rio de janeiro,RJ
e819bcfade7b5d88a27325eb6cfd62c5,5,1,202.9,4.2,0.2,guarulhos,SP
41e0fa5761c886a630994a55c12087e7,5,0,423.6,5.0,0.0,guaruja,SP
99a25c39b28a74d1151c35c18d178292,1,0,173.94,5.0,0.0,sao paulo,SP
623ad9d0c1e14bb5464a8c72bff7b4af,1,0,95.0,4.0,0.0,claudio,MG
7d7866a99a8656a42c7ff6352a433410,5,0,147.89,4.4,0.0,sao paulo,SP
2d22fc3089eb907b29ebff50581fb472,3,0,317.7,3.67,0.0,macae,RJ
f1b854361f4e15d5851b494df66f22b2,3,0,1168.8,3.33,0.0,rio de janeiro,RJ
6ebf4eceee4dd9847201c82e77ef8123,1,0,59.9,5.0,0.0,rio de janeiro,RJ
539ed9e19811677513447759be5eccfc,2,0,32.83,3.0,0.0,belo horizonte,MG
f90f77ef2799a27f80d90c425ca944f7,1,0,70.0,5.0,0.0,londrina,PR
7b3f6ce5c6c22e9b96e7581ebf0df6e1,1,0,29.8,3.0,0.0,tambau,SP
35281d148dcf7134bae913c57db4e6da,1,0,119.99,5.0,0.0,sao paulo,SP
c6218512d16fcac0af02fe92691cf274,8,1,674.0,4.06,0.125,contagem,MG
80ceebb4ee9b31afb6c6a916a574a1e2,1,1,6729.0,,1.0,londrina,PR
12a8eb0f8d1cd3270695bf2a99f55966,2,1,397.0,3.5,0.5,sao paulo,SP
fc38b5dceee1a730fad8853453437fbd,5,0,119.2,4.6,0.0,campinas,SP
4a82168aaef173cbb6e46ae88728f919,4,0,512.0,4.0,0.0,irati,PR
120476eb7a04c149d14772edaf5d9bf2,4,0,2368.8,4.25,0.0,angra dos reis,RJ
961dff0a659b4561334372337dd897d9,3,2,7297.0,4.67,0.6667,rio de janeiro,RJ
26f6b7ab07be3e9e69ce82a6552efc19,2,1,54.8,3.0,0.5,rio de janeiro,RJ
b8d890108a7a80e4f5d59eea9f362438,2,1,89.7,3.5,0.5,curitiba,PR
d149de2f383552baea37a7198c2296ce,3,0,320.7,5.0,0.0,sao paulo,SP
365e4bce19bda0082c3d15d83fdb8bcd,6,0,796.4,4.67,0.0,sao caetano do sul,SP
7b3447b497e55af8c15fc7bd89d7b81a,1,0,49.9,5.0,0.0,sao paulo,SP
c6381b1321d7d97717a5bb4ed5b77882,2,0,66.0,3.0,0.0,sao paulo,SP
7d81e74a4755b552267cd5e081563028,1,0,32.5,4.0,0.0,sao paulo,SP
abe021b01ba992245271b9aa422032df,2,0,6720.0,3.5,0.0,curitiba,PR
35ef5aa32949680f627efec3c23e705c,4,0,361.6,3.75,0.0,sombrio,SC
734def04b237117a09321dd6d8f3f2a2,2,0,1252.43,5.0,0.0,araras,SP
585175ec331ea177fa47199e39a6170a,1,0,3549.0,5.0,0.0,montes claros,MG
f1fdf2d13186575751aa25876536d85c,1,0,26.3,5.0,0.0,sao paulo,SP
72c38a04bd6a1c3dbc5298425a0db86d,4,0,647.3,3.75,0.0,cascavel,PR
1e47defeeadeca0e9a18fa5a9311e735,3,0,234.12,5.0,0.0,catanduva,SP
2c00c85d30361cd2ced2969cffbbffa3,1,0,49.8,5.0,0.0,belo horizonte,MG
63272377184e969942f7fff221be858d,2,0,149.7,5.0,0.0,sao paulo,SP
984c273121e743dd14767befe6cb17f5,1,1,259.6,1.0,1.0,americana,SP
344223b2a90784f64136a8a5da012e7f,1,1,10.9,2.0,1.0,gaspar,SC
edb65fe661681b1c0de8bd47c8655855,1,0,69.0,3.0,0.0,sao paulo,SP
fb503a924a0b9db19d83dd0ac6dbef8c,1,0,13.9,5.0,0.0,pelotas,RS
ba6b68b55fe8704377a7d43c8e5c0185,5,0,739.77,4.2,0.0,belo horizonte,MG
16bdc8cefd0e32a6f0824d296c5ad14a,1,0,41.76,5.0,0.0,sp,SP
1d139e3a3b14025640d8df1b230aace0,2,0,36.49,3.5,0.0,barrinha,SP
1e8c6a4c538f286aee9573239740a4b4,5,0,359.7,3.8,0.0,itatiba,SP
a7a9b880c49781da66651ccf4ba9ac38,3,0,307.6,3.67,0.0,itirapina,SP
5fd924b4836098a5be0ecf81ba054ce0,7,0,1148.8,4.0,0.0,sao paulo,SP
117cfc326c6d50da67ca858ff5c0c852,5,0,454.6,4.6,0.0,sao joao de meriti,RJ
bd43e172d599bed47a85da877172ca8c,1,0,23.92,5.0,0.0,sao bento do sul,SC
1444c08e64d55fb3c25f0f09c07ffcf2,1,0,2749.0,1.0,0.0,lauro de freitas,BA
3ef37b7ca6dd2b80bd8af81a62504996,2,0,700.0,4.5,0.0,sao paulo,SP
c1f12f926d0ba950578b4fa41115cbb6,2,1,479.6,4.0,0.5,sao paulo,SP
5cf1ec37aea089f45110c70653a166ab,2,0,35.0,5.0,0.0,sao paulo,SP
2c2c9832d1bb38c5b0034a3b47d313ee,1,0,49.9,3.0,0.0,santa maria,RS
e76ecc7e9a1a1e3c6df9d2a8261c423d,1,0,20.0,5.0,0.0,belo horizonte,MG
10cdd491d1dbea8fb4ead97b19c334ce,3,0,208.9,5.0,0.0,santa rita do sapucai,MG
528ce32f560edd11add4169f6a5b65be,2,0,59.8,5.0,0.0,sao roque,SP
7238f877570096ae403c51898fa64566,3,0,1200.0,5.0,0.0,santana de parnaiba,SP
33fd411ed63a7c2f9005e3f065d9f85d,1,0,24.9,4.0,0.0,condor,RS
1746c1ae87ac63d530c7c943d0ac42e2,1,0,229.9,5.0,0.0,santana de parnaiba,SP
365e445f796710c3431557e85caa25db,4,0,1115.0,4.5,0.0,sao paulo,SP
99cd94252748d2bdde08e17858233602,2,0,159.8,4.5,0.0,sao paulo,SP
b5dd7151a92ccaaa282cbe9681a05f44,1,0,85.0,5.0,0.0,ribeirao preto,SP
1c56ffe0e9dea2657fc6e95b53f40b13,3,0,183.0,4.33,0.0,sao carlos,SP
4e480be820e37de1444325ff358c9296,1,0,430.3,5.0,0.0,tres coracoes,MG
da20530872245d6cd9d2f5725613c430,2,0,314.96,4.5,0.0,igrejinha,RS
65c255b299faf2d12050937cc219c46c,2,0,88.2,4.5,0.0,sao paulo,SP
e3d3b3efac954a60d61be70b7e05b49b,3,0,1282.05,4.33,0.0,sao paulo,SP
c26ba52cf8d2f34915f2f6b7ffa0a3f3,3,0,107.47,5.0,0.0,rio de janeiro,RJ
43402bdf22aa2310e8f99e2f94f78628,4,0,649.95,2.5,0.0,ribeirao pires,SP
1cbcd2ee0afb3fc09963b87eb65e7e4f,1,0,90.0,5.0,0.0,curitiba,PR
70ee69419916dc13e3aed619061f996c,1,0,45.0,3.0,0.0,mogi das cruzes,SP
08f5819815f3d06545011850bd70f0a8,3,0,452.0,4.67,0.0,santos,SP
f6122bc84774df1b372bdb3bb88ddb9f,3,1,4799.87,3.67,0.3333,barueri,SP
e0b162a693bc7f9eab00f783a31d60ea,1,0,20.0,5.0,0.0,pelotas,RS
63191ead8d3b2f937cd1996fdcbbad20,1,0,367.0,5.0,0.0,jundiai,SP
baf15155e37ef5492731459bdc05be8a,1,0,47.0,5.0,0.0,sao paulo,SP
4b39558c138930b9e5489c93b6df5fe3,4,0,1096.7,4.5,0.0,aracaju,SE
b5f0712d22a873b6797ab6cc65c3fcba,1,0,12.99,4.0,0.0,sao paulo,SP
3a4127e1ba7208ea37044c5092aae170,5,0,1842.7,4.0,0.0,sao paulo,SP
dbc51f5e45d654ecc16cb68e6817ecea,1,0,199.99,4.0,0.0,franca,SP
c1849d4d32d7a6cecd5aa471809d3135,3,0,388.98,4.33,0.0,santo andre,SP
88ef59b51bdaa941d10a853429f2b6ce,2,0,252.9,2.0,0.0,guaratuba,PR
9b522ba7eae9e1d04082f267144583cc,3,1,1478.6,4.67,0.3333,sao paulo,SP
a7dc4098e4da6e41b426269d12ae7e91,2,0,518.0,3.0,0.0,sao paulo,SP
5659d77e8d90378e39b960ad5956f64e,2,1,182.48,2.5,0.5,taubate,SP
1d953075c2f0dd990bacf27b83b330f1,1,0,59.0,5.0,0.0,belo horizonte,MG
5a32c398a06c345440bf2a683b017ad3,1,0,34.9,5.0,0.0,rio de janeiro,RJ
398cb257329ef7af7f1943a8974a3cbc,1,0,145.9,5.0,0.0,salvador,BA
96f7c797de9ca20efbe14545bed63eec,1,0,138.6,1.0,0.0,cravinhos,SP
2f4b9d112bfa44a214bc6cef085d17c8,5,0,293.99,4.4,0.0,afonso claudio,ES
c5e60e39c0f42b8e827daa13cff74afa,6,1,134.0,4.5,0.1667,sao paulo,SP
fdf736c18c589ed030e058312203e1b2,1,0,30.0,5.0,0.0,pocos de caldas,MG
eec3469d83e142f9a104886655338c37,4,0,185.7,4.5,0.0,bauru,SP
e09887ca8c7bf8a4621ce481820414ef,2,1,79.97,3.0,0.5,sao paulo,SP
71593c7413973a1e160057b80d4958f6,2,0,299.5,3.0,0.0,sao paulo / sao paulo,SP
79b93a308a97792cf53ac75f46da00b5,1,0,99.9,5.0,0.0,rio de janeiro,RJ
0f0c984a4a955310903b6b6008660bad,4,1,369.81,3.75,0.25,franca,SP
ee27a8f15b1dded4d213a468ba4eb391,1,0,6499.0,5.0,0.0,goiania,GO
1927cdb9fa74f5270097f6250e8e8f34,1,0,120.0,5.0,0.0,marilia,SP
85044848b1b767db2a4a58526adef4b4,4,0,240.6,3.25,0.0,osasco,SP
968268a686aa05d1f529fb07dff08130,12,0,4677.29,3.5,0.0,sao paulo,SP
c1dde11f12d05c478f5de2d7319ad3b2,1,0,12.5,1.0,0.0,sao paulo,SP
a45314082d50d578a4721c9787ce09ab,2,0,424.9,5.0,0.0,mirassol,SP
98e164d549402270247f3c96a1a158ef,2,0,162.7,2.5,0.0,sao paulo,SP
d8b8f2cf9ff6ba0389072541cb42498c,1,0,149.0,5.0,0.0,formosa,GO
6187a137b2af59dfdbad8d9f8c373c14,2,0,74.8,3.0,0.0,osasco,SP
3da38366e7bd9baf6369071f782ecdf0,1,1,59.47,1.0,1.0,fortaleza,CE
b5f49fe968dff6b112861e6cd8e192ef,1,0,194.7,5.0,0.0,curitiba,PR
d5c530f4884a75ae0dba9c148718d278,5,1,252.93,4.0,0.2,centro,MG
e595809a6c31ec4314fd06ef198c244d,1,0,39.0,5.0,0.0,navegantes,SC
4342d4b2ba6b161468c63a7e7cfce593,2,1,528.9,1.0,0.5,rio de janeiro,RJ
d180e07dc1e58c31c3f0cd599dc4d945,1,0,58.8,3.0,0.0,belo horizonte,MG
fd312b6bf05efac6c3772d5b52205d8a,2,0,118.7,5.0,0.0,votorantim,SP
ce20a2ec1514c25e16f2b5b39bc818f0,4,1,287.0,4.75,0.25,sao paulo,SP
e3b4998c7a498169dc7bce44e6bb6277,1,0,6735.0,5.0,0.0,sao paulo,SP
83a75eea11694e36e56dd0cb2240229a,3,0,487.0,5.0,0.0,amparo,SP
89dda63a3c907c468ec88c310ed91213,1,0,44.99,5.0,0.0,maua/sao paulo,SP
c13fb473e7cb8b83ccd543c094df0608,2,0,54.8,3.5,0.0,sao paulo,SP
f43827dd686be3a4a80e00aa299990fb,1,0,95.54,2.0,0.0,sao jose do rio preto,SP
4965a7002cca77301c82d3f91b82e1a9,1,0,8.49,5.0,0.0,sorocaba,SP
8e29d051f810eb22959ede205b462b9f,2,1,599.8,4.0,0.5,mirassol,SP
8ea394aed8138685abe1eb9f25e1021d,2,0,1340.0,4.0,0.0,sorocaba,SP
570d4583587a5fe2d47c7be89b91ad27,2,0,125.25,5.0,0.0,sao paulo,SP
56db5c0782e8f7ddc9343f9576ff6d16,2,0,734.8,3.0,0.0,palhoca,SC
c7c7b2682c648339a0e9846bb1023a39,2,0,168.0,4.5,0.0,braganca paulista,SP
b12cfd255810394b60caef18ae163547,2,0,560.0,4.5,0.0,cascavel,PR
c18309219e789960add0b2255ca4b091,1,0,9.9,5.0,0.0,rio de janeiro,RJ
6eeed17989b0ae47c9f11ece6f38ea90,3,0,557.0,3.67,0.0,sao paulo,SP
910a922b426b7ff95eaee129ad6c0e1f,2,0,119.8,5.0,0.0,sao jose do rio preto,SP
6614814a00d344b846ae209f95ee7e3f,1,0,13.0,1.0,0.0,macatuba,SP
2cb98e27ce1c18abdb42209b34c382a7,1,0,62.49,4.0,0.0,ribeirao preto,SP
ea3ebea5317b0efbc663ecc8ce5e9bc2,3,0,299.7,4.0,0.0,florianopolis,SC
57a834594e1e9e9219603bfec184eadc,1,0,139.0,5.0,0.0,santa rosa,RS
1e9d5a33694bddb76316fd1f54734d20,2,0,318.0,4.5,0.0,jaciara,MT
5563732abe64c3036cb97ad924128dd1,2,0,404.0,4.5,0.0,guarulhos,SP
3a52d63a8f9daf5a28f3626d7eb9bd28,1,0,35.0,1.0,0.0,aguas claras df,SP
ff314fa6033cc68ec451c47aee2d6ba4,2,0,537.9,5.0,0.0,sao paulo,SP
0dfbed20065e425d2eaefb101f9816c0,3,1,84.35,2.67,0.3333,porto ferreira,SP
4c4d546adf3c3868fe19c9ec6e9ffda9,2,0,111.7,4.0,0.0,maringa,PR
86bf77bdb52e615674772d5817c6212f,4,0,281.8,4.75,0.0,viamao,RS
52f6f9f13ba19504c02781132a049e75,1,0,199.0,2.0,0.0,curitiba,PR
be7a093e5b4d147b36b72bb1f9e415e5,1,0,60.9,5.0,0.0,toledo,PR
07d75e33f2750d97d467fb57e4dfdd8a,2,0,722.4,2.5,0.0,sao paulo,SP
c87abc38c8ed3240861729e1aeadf221,1,0,133.0,1.0,0.0,sao paulo,SP
a72f15980dc3e9bfd1a49ac9b2f3af65,1,0,89.9,4.0,0.0,marilia,SP
038b75b729c8a9a04b0d07cba7eabe86,2,1,467.0,3.5,0.5,sao jose dos campos,SP
2eeb6531ee027a48d401e72bebdd87d3,3,0,38.7,4.33,0.0,sao jose dos campos,SP
bc8c8d665ec4664d286be0d521722b19,1,1,22.5,2.0,1.0,sao paulo,SP
c3ee2331a724e6fc02c4b698b57a73f3,2,0,1347.0,3.0,0.0,sao paulo,SP
271b8923c6a549e02d3c9fd1f8c0422b,1,1,105.19,4.0,1.0,praia grande,SP
723a46b89fd5c3ed78ccdf039e33ac63,1,0,66.64,4.0,0.0,"novo hamburgo, rio grande do sul, brasil",RS
6bcb2352a2a0c38b845f598298ab9d26,1,0,15.9,5.0,0.0,maringa,PR
422be4cc81a457fdb46f47edeb968ae5,1,0,239.9,5.0,0.0,ibitinga,SP
e4fc40017a6d22c46a14ac2e17f87c3e,1,0,129.0,5.0,0.0,arapongas,PR
7ab0dd5487bab2dc835337b244f689fb,1,0,12.5,5.0,0.0,sao jose do rio preto,SP
389e45560e33d2d0747f949dcddbc08e,1,0,39.0,5.0,0.0,sao jose dos campos,SP
2aafae69bf4c41fbd94053d9413e87ee,2,0,94.0,4.5,0.0,porto alegre,RS
164a5a8794e6d42e14f55e447b12a3bc,1,0,73.99,5.0,0.0,guaira,PR
89757206b887aed36f3e18d858460fea,2,0,120.5,5.0,0.0,sao paulo,SP
1c83418358f249c9d6affa52d579db0e,1,0,24.9,5.0,0.0,sao paulo,SP
2c9005d8043aff18b8557ffb7b13cda4,1,0,109.9,5.0,0.0,cachoeiro de itapemirim,ES
a154d7316f158bb42e6fa18bbe3afd3a,2,1,139.8,3.0,0.5,sao paulo,SP
fe9d9cf8631285d5982c6e2cf27fb114,1,0,69.9,4.0,0.0,barbacena/ minas gerais,MG
69a43819c758c65a5befb0b471c954d7,2,0,299.85,4.0,0.0,apucarana,PR
db6a4d4b5f1f5f98820ce6ce2619e2de,1,0,135.99,5.0,0.0,sao paulo,SP
4d9fea3499bdc22aa4da4e339365f215,2,0,192.54,5.0,0.0,sao paulo,SP
37303482a42fb700d8d127e70a9cd6c8,1,0,58.9,5.0,0.0,campinas,SP
94c49f20a123aeb9360dbf80ff912bf6,3,0,277.75,3.67,0.0,sorocaba,SP
8629a7efec1aab257e58cda559f03ba7,1,1,45.22,1.0,1.0,goiania,GO
c161d1327ebc3a156c09582ab2f59f6c,2,0,35.99,4.0,0.0,sao paulo,SP
a11a0e0ca67423425691db355cff69b0,2,1,448.9,5.0,0.5,indaiatuba,SP
5e063e85d44b0f5c3e6ec3131103a57e,1,0,22.9,5.0,0.0,sao paulo,SP
f7c31656c19db6275a8acadca289f426,1,0,61.56,3.0,0.0,ibitinga,SP
184725737946a1a938bbbd1a9e978103,3,0,359.7,4.67,0.0,maua,SP
1b65c144b17e607c0f37f10bb7dfec8d,5,0,1109.5,2.0,0.0,rio do sul,SC
79a679c36c08d606b3fd47ead9de109b,3,1,935.0,2.0,0.3333,sao paulo,SP
9d489893ff6af05029671b785f54b998,5,1,298.7,4.0,0.2,leme,SP
d6cd01c59123df02fc226eadbadb5f89,1,0,69.9,5.0,0.0,sao paulo,SP
a37c340b91cb0169e8b029db6440fba2,5,0,345.0,4.8,0.0,sao paulo,SP
44ed138eca6214d572ce1d813fb0049b,2,0,129.79,4.5,0.0,canoas,RS
28c7d8743fbc8679f484868cc0fcaefb,3,0,201.5,5.0,0.0,itaporanga,SP
939f6e231201f26803cb5c3a3d2940b3,3,0,130.6,4.67,0.0,bauru,SP
89d9a386b0b6e5fc8403071b03f7206a,2,0,167.0,4.0,0.0,sao paulo,SP
13d95f0f6f73943d4ceffad0fc2cd32c,1,1,249.99,3.0,1.0,goiania,GO
455befea1bb853c75ccbca94cff26e5c,1,0,19.99,3.0,0.0,resende,RJ
0b1ca3ef18a63d7eb0c8897fa0849c08,1,0,55.0,5.0,0.0,sao roque,SP
76833248bbc0e65a0293ec62023e4396,2,0,2399.98,5.0,0.0,birigui,SP
612a743d294c27884fb7b80d2b19ba35,2,0,3057.7,4.5,0.0,curitiba,PR
0d4c8269e7f0401201794deef160edd6,3,0,792.64,3.67,0.0,ribeirao preto,SP
9b00cad94ef3078faf6fba2e792c158f,1,0,354.9,5.0,0.0,janauba,MG
2a73cba571d90c694b7caca072ccf6ce,1,1,342.78,5.0,1.0,sao caetano do sul,SP
33cbda8716511e27e556dff9d8418bf2,5,0,507.4,4.8,0.0,blumenau,SC
02b72cdeb9cfcc429f1af6f4e3f3b737,4,0,522.65,4.75,0.0,ibitinga,SP
a90a5da8b09e44264a177c0374a5ac87,3,0,74.7,4.33,0.0,ponta grossa,PR
cad9969167c09b48ae6f1d123f7fa68d,1,0,24.0,5.0,0.0,pocos de caldas,MG
1d2732ef8321502ee8488e8bed1ab8cd,4,1,1148.0,3.0,0.25,rio de janeiro,RJ
aa17b35ce4de7b565be3249ba838944f,2,0,79.8,4.5,0.0,jundiai,SP
e1bed63d68ac36fe1f3061befe196af5,1,0,199.0,5.0,0.0,mogi guacu,SP
6650fcccd8cd2f7e55ffa524f30c4c59,2,0,339.8,3.0,0.0,sao paulo,SP
e560e4022d8f7aebf155db95946c5c0f,2,0,780.0,5.0,0.0,belo horizonte,MG
c74f14c1e26cf1bd5bd34b6a1e274426,1,0,39.0,5.0,0.0,sao miguel do oeste,SC
04843805947f0fc584fc1969b6e50fe7,1,1,1400.0,5.0,1.0,ivoti,RS
011b0eaba87386a2ae96a7d32bb531d1,1,0,99.98,4.0,0.0,pompeia,SP
78ba5933c21686d1c2f64669c8c459e7,2,0,191.8,4.25,0.0,mogi das cruzes,SP
749e7cdabbaf72f16677859e27874ba5,1,0,41.9,1.0,0.0,guarulhos,SP
913fd0ebba70bb919f7254a02239173c,1,0,159.9,1.0,0.0,blumenau,SC
c026ef0d72e9132d9fa112308090c8dc,1,0,520.0,4.0,0.0,rio de janeiro,RJ
4cc43a222a0f94910728b62b97a8c5f8,1,0,108.5,3.0,0.0,ribeirao preto,SP
7816cd9c5b1238e320545f5bf7eb80e8,1,0,489.0,4.0,0.0,araraquara,SP
934ed5cd1b9c1c7382d0a94a94b9e639,1,0,125.85,5.0,0.0,curitiba,PR
e433f5fd4050e3352b5d83522b7fe24b,1,0,548.06,4.0,0.0,arapongas,PR
e732329483fd5f27367dd997b47f598a,1,0,109.9,5.0,0.0,blumenau,SC
1f7fd2a6fcd5a6fa5d8a4dabc72aaae0,3,0,531.8,5.0,0.0,venancio aires,RS
4a82c4af97ffc0fb2dc26bfdc03b1842,3,0,143.7,5.0,0.0,lagoa da prata,MG
b43d8b707f887a30f4675391098354a0,3,1,1342.0,3.0,0.3333,ipira,SP
7c4adcc13272c0e26fa23aac642adb7b,2,1,135.0,3.0,0.5,sao goncalo,RJ
81ed90f07c0bacb7594940ba2ef676aa,2,0,223.9,4.5,0.0,divinopolis,MG
4ce8b55b4bfa4659184e7becc1fba3f2,2,0,199.0,3.0,0.0,fazenda rio grande,PR
ebd1417732defaf66c50b5a800eb293e,1,0,309.0,5.0,0.0,londrina,PR
695051e2981c8b19e77cafe450d5bdf3,1,0,169.76,5.0,0.0,osasco,SP
0af977692321d895349eded183341d28,2,0,257.75,4.5,0.0,santos,SP
e503f22be6a4f456d9851920a5d9c670,2,0,198.9,4.0,0.0,sao paulo,SP
cad10cc982ab6a391570c211b995c17c,1,0,47.4,5.0,0.0,avare,SP
fb8904a8ea99f8831b64ce27db2c1765,2,1,278.0,4.5,0.5,sao caetano do sul,SP
5145090ab595c0d0b8557199f5701fbf,4,0,1459.6,4.25,0.0,curitiba,PR
b7e1750c1157341d2abd0251e07c186b,3,0,159.6,4.33,0.0,sao paulo,SP
954e95f20808d7e5d11f0de292d078e0,3,0,158.78,4.67,0.0,joao monlevade,MG
2305ab43e846518f58dd9d59f3f54e96,3,0,788.89,3.67,0.0,sao paulo,SP
c7b7db6c8f3c64a7cc1afa634db21d50,1,1,1489.0,1.0,1.0,sao paulo,SP
a35124e2d763d7ca3fbe3b97d143200f,4,0,411.5,4.75,0.0,sao paulo,SP
9140bd1d9de28b197dce077bdd687438,6,0,1258.87,4.17,0.0,amparo,SP
f09b760d23495ac9a7e00d29b769007c,1,0,21.9,4.0,0.0,catanduva,SP
8dd386be0767c330276ea6a3f96532d3,1,0,89.98,5.0,0.0,paulo lopes,SC
9d213f303afae4983637247556438ede,2,0,47.7,5.0,0.0,ibitinga,SP
5b92bfa4120daa27c574daa2e386c693,1,0,14.0,3.0,0.0,sorocaba,SP
9ef932e837d8b7f392c0bfee9d359dc2,1,1,59.9,3.0,1.0,ibitinga,SP
3296662b1331dea51e744505065ae889,1,0,517.8,5.0,0.0,catanduva,SP
08061dc0fc165ed41288cc7acde738ee,4,1,123.8,4.5,0.25,osasco,SP
75fdd0a732287f9497b179f6bd445d32,1,0,59.9,5.0,0.0,maua,SP
a7c53f6b3b61adbdaa99dda97e8cbd56,1,0,99.0,4.0,0.0,barretos,SP
0b46f784306be7200ca1700aa55d819f,1,0,19.9,5.0,0.0,belo horizonte,MG
964ff64dc05b13811c6d0f41e0aa5f6b,1,0,180.0,5.0,0.0,sao paulo,SP
dc50afafdfa325eadc890c7fa42a8f4e,4,0,424.2,4.75,0.0,maringa,PR
20f0aeea30bc3b8c4420be8ced4226c0,1,1,14.9,,1.0,santa barbara d'oeste,SP
6a3139c7bf09ece22a4713d956acbe5e,1,0,61.9,5.0,0.0,sao sebastiao da grama/sp,SP
d36b07fd3c5088e477a72d1fccfe29d4,1,0,328.9,5.0,0.0,itapetininga,SP
64c9a1db4e73e19aaafd3286dc448c96,1,0,439.0,5.0,0.0,curitiba,PR
61b18775be84fb700a6b2d0ba097bf66,4,0,334.5,4.75,0.0,araraquara,SP
f88adb15807168d3c43d71021090ce4a,3,0,488.8,3.33,0.0,porto ferreira,SP
e00d85ce20ea50c1224c66ca5050527d,1,0,149.0,4.0,0.0,osasco,SP
c747d5b92c7648417faea95d36d763e8,1,0,139.0,5.0,0.0,pacatuba,CE
5d9f3746e112e696f98ea22c56b3e912,1,0,1322.64,5.0,0.0,sao paulo,SP
ab75b89cc49c9ab3160d0c91565a442a,1,0,18.99,1.0,0.0,tupa,SP
7d948535954aaf8c5d39db007f74372e,4,0,194.0,3.75,0.0,guaruja,SP
7cb946b1ad19faebe28c3e86c2794ec3,1,0,25.0,5.0,0.0,sete lagoas,MG
247587846358bb1d2e4c6522020b36fe,1,0,99.0,5.0,0.0,sao jose do rio preto,SP
166e8f1381e09651983c38b1f6f91c11,2,0,78.8,5.0,0.0,imbituba,SC
ea846a0e7ad98a741783e886d89dfa44,2,0,137.0,5.0,0.0,aracatuba,SP
e5bd51692380fd8cabb19b756b95e714,2,2,79.8,3.0,1.0,santo andre,SP
e5def42655b7490edac5a56fe8e9e603,1,0,129.9,5.0,0.0,amparo,SP
b5b800c4065bebf4d3442311c9857344,1,0,79.9,5.0,0.0,sao paulo,SP
8936ba0de1073ee888cb3185ae5dc661,1,0,389.99,5.0,0.0,sao paulo,SP
739c7d7be81f63812dea0d1b1451c651,2,0,77.5,4.0,0.0,campina grande,PB
8e670472e453ba34a379331513d6aab1,1,1,975.0,1.0,1.0,juiz de fora,MG
35b96509602ec4b7da831b5cd73ff2c2,2,0,558.9,4.5,0.0,sao leopoldo,RS
45a3d05fb00435e52a28859dd03703b3,1,0,1299.0,5.0,0.0,guarulhos,SP
da3fede3469bf49b7293ce3fc45b294d,1,0,44.9,5.0,0.0,mogi das cruzes,SP
6561d6bf844e464b4019442692b40e02,1,0,41.9,5.0,0.0,franco da rocha,SP
4e2627090e6e5b9fabba883a37897683,1,0,39.9,,0.0,belo horizonte,MG
c360e4787614ed31ac7a2f95d3b22dc6,1,0,188.9,2.0,0.0,lencois paulista,SP
8ff38bc3969e67c36c48343a07090f66,2,0,3472.0,2.5,0.0,sao paulo,SP
458c6fa920810ce2492da71bc26d9eec,2,0,756.76,2.5,0.0,catanduva,SP
0f94588695d71662beec8d883ffacf09,1,0,9.0,5.0,0.0,florianopolis,SC
4a1917ef994878940e1fb03eeb787ad7,2,0,768.0,3.0,0.0,brasilia,DF
b77a27b1864483e721dc831d5ba4afa0,1,0,20.9,5.0,0.0,duque de caxias,RJ
491a5ada3aa1678414e990262c4bbdc1,1,0,1420.0,5.0,0.0,sao paulo,SP
d9cd369bffa979d1634f8e1318bf2f1b,3,0,678.0,5.0,0.0,bady bassitt,SP
4eeb99008a0f59d2c7759c59f9a346eb,2,0,1282.0,4.5,0.0,embu das artes,SP
dd5450b022b2d00a2145a66331e1aef6,1,0,59.0,5.0,0.0,joinville,SC
41c9d3997dd3c072c31139dc5bb5761f,3,0,998.8,4.33,0.0,araxa,MG
7bb8fac2913a6064ec412e583c6d8b4d,1,0,109.0,5.0,0.0,bauru,SP
f650a9708fa1bab22bdd8d3a818cc415,4,0,416.04,4.0,0.0,ararangua,SC
8c351ed7c326c62123318f4f3246e906,2,0,114.9,5.0,0.0,praia grande,SP
3d62f86afa7c73be2628a3be1423f5a0,2,0,12.0,4.0,0.0,jacarei,SP
d263fa444c1504a75cbca5cc465f592a,1,0,399.0,5.0,0.0,americana,SP
48bad451945f5227341793478d6353ea,3,1,307.0,4.0,0.3333,sao paulo,SP
139157dd4daa45c25b0807ffff348363,1,0,29.9,4.0,0.0,sao paulo,SP
4c60877808f4318ef1107fbeb8f89afa,2,0,118.0,4.0,0.0,atibaia,SP
d85efbc8eff2b7adf524e2820569adc8,1,0,55.0,5.0,0.0,sao paulo,SP
efb628aa07c8ca93d7db0d85b91a4f5a,1,1,204.0,4.0,1.0,nova iguacu,RJ
3ac588cd562971392504a9e17130c40b,1,0,11.9,5.0,0.0,limeira,SP
61c36f0fc4a47f9532e5512b66668e62,1,0,750.0,1.0,0.0,guarulhos,SP
2d8cfba3fcd3170555941605edaa196a,1,0,45.0,5.0,0.0,osasco,SP
586a871d4f1221763fddb6ceefdeb95e,1,1,198.0,1.0,1.0,porto alegre,RS
902c99f1ac505c0d18778b61bcd636f7,3,0,123.47,5.0,0.0,mogi guacu,SP
fa5fdc4e4bb6bd1009ad0e4ac4096562,1,0,161.99,5.0,0.0,santo andre,SP
22a23e5ac7061fc538cc2a019afaaf16,1,0,95.0,3.0,0.0,belo horizonte,MG
a513150f33f99a06569e9cd5c4bb889b,2,0,677.0,4.5,0.0,sao paulo,SP
b7d5b4b87af9d42b601865d3f3810bff,1,0,350.0,3.0,0.0,florianopolis,SC
98f52e1020fe788c10c0418de4393fec,1,0,21.6,4.0,0.0,macae,RJ
0b09101900100c0e9d312861fad5a1b9,1,0,153.75,4.0,0.0,sao paulo,SP
9e25199f6ef7e7c347120ff175652c3b,1,0,12.5,4.0,0.0,taubate,SP
c1d1ebb4745cc43cb6f05e9c8a705c9a,1,1,12.5,1.0,1.0,sao paulo,SP
b5d034ac251546e25afe9067f05c1539,1,0,69.9,5.0,0.0,itapecerica da serra,SP
29c322e3f09f886f8bacbe91dfbd979e,1,0,48.98,5.0,0.0,santa maria,RS
b76f4d90e85657a240495c876313adc5,1,0,299.0,5.0,0.0,hortolandia,SP
d7f1cfc638473be93baedbfd02208016,1,0,30.0,5.0,0.0,belford roxo,RJ
c8143b3069f6746a77421b5ce30a450c,1,0,142.47,5.0,0.0,abadia de goias,GO
3d68c634a99a1ba46dbca3967a69c623,2,0,594.0,5.0,0.0,nova trento,SC
9c54608f0996c32ae4743089d915f845,3,0,194.8,4.0,0.0,loanda,PR
702835e4b785b67a084280efca355756,1,0,7.6,5.0,0.0,juiz de fora,MG
60da8bfa7eebe230b7d66ac4082d79b3,3,1,86.6,4.33,0.3333,fernando prestes,SP
6b2612338467c08c9b25f0cc55b1578d,1,0,92.9,4.0,0.0,marialva,PR
c1552b1dab6e6f760950368ae61fb600,2,0,53.8,2.5,0.0,sao jose dos campos,SP
d3e7d37c0df9aef383f3f2a15b0dddfb,1,0,161.0,5.0,0.0,sao jose dos pinhais,PR
7c4402417d51474d4d0cda9557340e40,1,0,119.9,5.0,0.0,sao caetano do sul,SP
6235903333ba7de1928c869e268e5964,1,0,94.06,5.0,0.0,treze tilias,SC
7957cac1a02f45d0a4a7e45626382ec2,1,0,343.0,4.0,0.0,curitiba,PR
aa1eb17b9fdf6dfd546e25c45c7b9235,3,0,117.99,4.67,0.0,sao paulo,SP
95cca791657aabeff15a07eb152d7841,1,0,9.99,5.0,0.0,palotina,PR
4bf658053d453036c70976bccb2c31b2,2,0,1742.99,4.5,0.0,sao jose do rio preto,SP
0692610d8abe24f287e9fae90ea0bbee,4,1,173.99,4.0,0.25,sao paulo,SP
9bf11dfc0bec77e5a23028043c3c5a8f,1,1,115.0,1.0,1.0,contagem,MG
92c8bc6e8f925792247656fed09aad65,2,1,134.8,3.0,0.5,sao paulo,SP
4e92348462c75b6c842b994ce84a0ed4,1,0,69.9,5.0,0.0,cachoeirinha,RS
eb4a59a06b3948e851a7d7a830bcbc42,1,0,32.0,5.0,0.0,salvador,BA
63704069d9bd3a75c1cf59babe56004a,1,1,59.3,1.0,1.0,jundiai,SP
cd2169d9f31ff6fbb9ca3373b0c9e354,1,0,569.0,4.0,0.0,nova friburgo,RJ
485452467ff670447e84a8370c3fc898,3,0,175.7,4.67,0.0,taio,SC
dd58ee93286b0821565574c570e9e1dc,2,0,2948.0,5.0,0.0,curitiba,PR
436bf27f2f18474fc6047702e9f8a866,1,0,29.9,5.0,0.0,campinas,SP
3a3e46d10f74d8a6ca76e2b538f106a0,2,1,299.9,4.5,0.5,sao paulo,SP
df683dfda87bf71ac3fc63063fba369d,1,1,39.9,1.0,1.0,farroupilha,RS
f307937c1bb287c3efc2a514b94b0d1d,1,0,189.99,5.0,0.0,araxa,MG
d63f306de130e0391d38a792541723b8,1,0,49.0,5.0,0.0,sao paulo,SP
cb4a705d00e100b9732d0ca34817d441,1,0,998.0,1.0,0.0,florianopolis,SC
4ddeb3e828550cddc8d45c8bc36ab2d1,1,0,152.0,5.0,0.0,sao paulo,SP
447d377bdb757058acb569025ee18a93,1,0,64.99,5.0,0.0,carazinho,RS
fc4751cfe3b279c419615b9b00c1abb4,1,0,453.7,5.0,0.0,londrina,PR
e64882b4ef12aee8d0faca4db5b681f4,1,0,230.0,4.0,0.0,goiania,GO
7f02656561b680def9986c0795a8a080,1,0,42.0,5.0,0.0,sao paulo,SP
0bb27263628258b8111a0262769fa9db,1,0,22.2,5.0,0.0,sao paulo,SP
f3511c85f59f8dec53d140501ee8e7a8,1,0,69.9,5.0,0.0,curitiba,PR
a1bea9970d8f65b240555f99c2214f7f,1,0,75.0,3.0,0.0,pinhais,PR
ea1776927851da2532aa70d6a32c095a,2,0,283.9,3.5,0.0,sao paulo,SP
eaaa46e98c9e61f6764dd1d7a2ab8b3e,1,0,98.0,5.0,0.0,messias targino,RN
a45765f8afb1e594b22bf9e974b46765,1,0,79.99,4.0,0.0,sao paulo,SP
b9de031b671cd48b28fae9d828cbf2b4,1,0,155.32,5.0,0.0,sao paulo,SP
0a82f5fb06a4fe4ac2cf7cb412ec71b8,2,0,462.0,5.0,0.0,sao paulo,SP
8132b9bd16876e1b0f8808d43825dd48,1,0,77.9,5.0,0.0,florianopolis,SC
d2572f31e9023e9850ef986a636ff9bf,1,0,279.0,5.0,0.0,belo horizonte,MG
5d505d2298ad549e4e4e835562fa0c1e,2,0,249.8,5.0,0.0,birigui,SP
83c8aafbefb034674a70de0eac5b8954,2,0,134.9,5.0,0.0,francisco beltrao,PR
91f5779a8731baca4809fdeade81803f,6,0,1971.46,3.83,0.0,barra mansa,RJ
dcf3755cefcdc158ad0b7bdde51e871b,3,0,269.7,4.0,0.0,cachoeira do sul,RS
c97aa4ee7420f937da13b7f9e2228b99,1,0,29.9,1.0,0.0,novo hamburgo,RS
a806a4bb063ea7ca6d374eafa50a6058,5,0,294.4,4.0,0.0,serra,ES
e9e446d01bd10a97a8ffcfc4a3a20cb2,3,0,51.15,4.33,0.0,sao paulo,SP
7d484ca289afaac6bf5fc6a1e96d2226,2,1,183.2,4.0,0.5,campo grande,MS
ebef8d8c92b4fd3226e5d407bbff21ac,3,1,253.7,2.67,0.3333,ribeirao preto,SP
204b4e07bddef3c9b317f70189135b22,1,0,73.4,5.0,0.0,borda da mata,MG
a2b911e9ad40dc7d61c142a4683e2d85,1,0,85.9,5.0,0.0,barra mansa,RJ
3d290fe363c60a77498c1126fd3fb8d3,3,0,198.98,4.33,0.0,itapevi,SP
ed49da7cadefc454d6a67de249eab240,1,0,21.5,5.0,0.0,sao paulo,SP
d7827b2af99326a03b0ed9c7a24db0d3,1,0,1455.0,5.0,0.0,londrina,SP
e0482f2c769468c3bbcd8a01e09d98c5,1,0,189.0,4.0,0.0,sao paulo,SP
2ef086a599b597572aca4433b7ed6b3d,1,0,49.0,5.0,0.0,jaragua do sul,SC
1703bc09972dab9782e7a9194943b69f,1,0,249.9,5.0,0.0,minas gerais,MG
dd8a29ce82d5c705ba932d81494600a5,2,0,205.75,3.5,0.0,sao paulo,SP
13dd308f81fea30cc670c656b2b46cc3,3,1,117.7,5.0,0.3333,santa barbara d'oeste,SP
dd88d13bea9e4c2bf47daf224f8141e5,1,0,458.0,5.0,0.0,lajeado,RS
c0aff2da32c17759d30b22fb0af6649d,4,0,188.8,3.75,0.0,florianopolis,SC
28d162ab86bb49d719c32f0ee6186eaa,1,0,109.99,4.0,0.0,ribeirao preto,SP
3dc69bf2c42f0568a5c4791ec3fd3745,1,0,150.0,3.0,0.0,sao paulo,SP
20611af7866c6068fd5ae1f9dbe15c92,2,0,219.8,4.5,0.0,porto ferreira,SP
3d2400ac620cffa23ac81bd192f7f555,1,0,105.0,5.0,0.0,sao bernardo do campo,SP
1c742ac33582852aaf3bcfbf5893abcf,1,0,97.9,5.0,0.0,belo horizonte,MG
a9ae440659f48b7849df83e82734150b,1,0,285.0,5.0,0.0,santo andre,SP
296729ffb9b684050dd24836dac4494a,2,0,114.0,5.0,0.0,curitiba,SP
59bbc819b99a733f02f0d6b49d1c253d,2,0,139.8,5.0,0.0,campinas,SP
615c3462099ffa940d37b17dfda19594,2,0,229.0,5.0,0.0,rio de janeiro,RJ
e9b6c33b71b67737693b4cfa68341c8d,1,0,119.9,4.0,0.0,sao paulo,SP
58c851d1a3c7cd3da329eb59453fed44,2,0,268.99,5.0,0.0,rio claro,SP
8e4f041ff58e7845456d3482524014b3,2,1,133.8,3.0,0.5,porto alegre,RS
94165aea8a35c3c21499cbcae239b16c,1,0,180.0,2.0,0.0,uberlandia,MG
ce3ad9de960102d0677a81f5d0bb7b2d,1,0,158.0,5.0,0.0,rio de janeiro,RJ
499185655c29ecfdbfe776ef7cf875b5,1,0,89.0,4.0,0.0,porto alegre,RS
edf3fabebcc20f7463cc9c53da932ea8,1,1,219.9,4.0,1.0,sao paulo,SP
417a1e6c7321084d2a0ae0d023cfad93,1,0,48.9,5.0,0.0,imigrante,RS
7402d13c03a7e91366337cd1de471144,3,0,473.89,4.33,0.0,cambe,PR
8f0fbe2cd4d472157dc1cdef6edecaa9,2,0,71.88,3.0,0.0,sao paulo,SP
5d76d80a2f5f39c891b996a1bf4c9853,6,0,1238.5,4.83,0.0,sao paulo,SP
c963a25b8671419c6ce9eebe8fd03218,1,0,49.0,5.0,0.0,angra dos reis rj,RJ
f8f35af4634605e6693c17cc3ffff5a8,1,0,90.0,5.0,0.0,campanha,MG
db7ed69a53aa9fb1c01930ba54a88bbe,1,0,109.0,5.0,0.0,jaguariuna,SP
0cab2da43793a6f3c5ed8514c5f54627,3,0,309.7,5.0,0.0,curitiba,PR
48e5ee06fb2dc74df1c711a9b6dfac2a,1,0,57.0,5.0,0.0,oliveira,MG
9c4d31c7e46ab03a43fc06e3142afd4e,2,0,1218.9,4.5,0.0,rio de janeiro,RJ
458d868c9642f55f18f04e951a3fdde6,2,0,2718.0,5.0,0.0,porto alegre,RS
3bb32fedaa74e4ad20f4ce067733bd31,2,0,103.7,4.5,0.0,porto belo,SC
a99504ac23ed125aaf5302af6cc30af9,1,0,978.0,5.0,0.0,batatais,SP
9200e6ce317b67196b6b0bad4d4bd567,1,0,36.9,3.0,0.0,rio de janeiro,RJ
2b2fed75b8e5ea3a052fc4c0825da485,3,0,510.9,5.0,0.0,juiz de fora,MG
d598f929fc44e1e38678e7f47250ec04,1,0,69.9,5.0,0.0,formosa,GO
7494d0dcba8551df6cf37f1b905dc2f7,1,0,45.9,3.0,0.0,santos,SP
2b402d5dc42554061f8ea98d1916f148,1,0,299.89,5.0,0.0,irece,BA
5ca5d579b5857ee8709479b1047cecc3,1,1,169.99,1.0,1.0,sao paulo,SP
2235cf78d3e2073a88146a9cb60f0dd0,1,0,178.99,5.0,0.0,sao paulo,SP
685b870da5b52a710782c9c0fefbeb5b,2,2,627.0,2.0,1.0,sao bernardo do campo,SP
d8bf0fc082fd4a77fc2e5679b6c00133,1,0,139.9,5.0,0.0,sao paulo,SP
be67f78487e2cecb0d55bc769709e4f5,1,0,102.0,5.0,0.0,ibirite,MG
0a198e95d32b1be2da9424c962a6ebfa,1,0,69.99,5.0,0.0,contagem,MG
761681a821d8275bc79f552116d06869,3,0,354.92,5.0,0.0,sao paulo,SP
b452cb0ae35044c4a53179c39f49fb06,2,0,63.7,4.0,0.0,sorocaba,SP
85ecf03781da592876b7844acc1b729f,2,1,251.0,4.5,0.5,sao paulo,SP
6c9875b2f94ba781186f0c1aed8d1687,2,0,25.0,5.0,0.0,brotas,SP
2f1e7b90e01d9f086cbcb301c0c3d406,1,0,59.0,5.0,0.0,blumenau,SC
5a4236931428800e9d9cc04af0987118,1,0,44.97,5.0,0.0,sao paulo,SP
bee36b4f9a2b9fdcaff6ec05df202ed0,1,0,16.9,5.0,0.0,sao paulo,SP
154bdf805377afea75a3bd158e9eab10,1,1,89.9,1.0,1.0,ibitinga,SP
820c7c9eaf76d2b226b6c242bcf3f34d,1,0,559.0,4.0,0.0,sao paulo,SP
1a8e2d9c38b84a9702ac7922924b0573,1,0,80.0,5.0,0.0,araquari,SC
a353b1083c9863d756d9404695016d64,1,0,120.0,5.0,0.0,cariacica,ES
d2df77822373f19934e87694d8640767,2,0,155.9,3.0,0.0,arapongas,PR
4f0d637c1197fd65405ebd755ac9f86b,2,0,199.8,5.0,0.0,taboao da serra,SP
26e2e5033827d2ba53929f43e03d8ffe,1,0,139.49,5.0,0.0,sao paulo,SP
377bc18334c78dd2f1535ef22a3ad225,1,0,135.98,5.0,0.0,sao jose dos pinhais,PR
2e2f44824ab87a0cb961f68bf4073e7f,1,0,48.0,2.0,0.0,curitiba,PR
9c3a1c416c765687bc79a04113269929,1,0,74.9,1.0,0.0,carmo da mata,MG
cb162c8eef257253782d245c08d9097c,1,0,34.99,5.0,0.0,barueri,SP
70f7e8018e3d46c748c92f026aa2585a,1,0,239.8,5.0,0.0,sao paulo,SP
553a440137d6e0cf776aee0bb83ac9f5,2,1,144.8,1.0,0.5,limeira,SP
9da15f4a4ea758d9eeb49000dbe57e22,1,1,196.9,2.0,1.0,osasco,SP
dde698c6d0bd24834c586e5111c2bba7,1,0,155.9,5.0,0.0,petropolis,RJ
58e4b302b54937e55a678c4d15111da4,1,0,49.9,5.0,0.0,colombo,PR
f114dca2828bf718548db175ebe2cfcd,1,0,139.0,1.0,0.0,cambe,PR
497709c2976a8fa308730a2dec5b0726,1,0,76.0,5.0,0.0,diadema,SP
0b36063d5818f81ccb94b54adfaebbf5,1,0,765.0,5.0,0.0,jaragua do sul,SC
e83e93b71371817b11d78a63ff156aee,2,0,286.0,4.5,0.0,barueri,SP
4dc2e811a1760953cb7c6a590b498943,1,0,175.0,5.0,0.0,itapui,SP
eb1bf309f4f6af9a97e9ddac3fdbeabe,1,0,22.3,5.0,0.0,diadema,SP
f3041c2e75ec683697a6a5ea82192210,1,0,145.0,5.0,0.0,itauna,MG
c0e0b73d039eb9a99b6ce4cb7a429cd3,1,0,29.88,5.0,0.0,laurentino,SC
a4fc6eadaff1576af888509a53420f6a,1,0,100.86,3.0,0.0,sao caetano do sul,SP
a663d9c3797e90eac99ff60939416a56,1,0,235.0,5.0,0.0,sao paulo,SP
1fa2d3def6adfa70e58c276bb64fe5bb,1,0,6.9,1.0,0.0,sao paulo,SP
4450bd8327d471c4a11a83d1445b1b62,1,0,199.0,5.0,0.0,cotia,SP
3e35a8bb43569389d3cebef0ce820f69,1,0,55.8,5.0,0.0,sao paulo,SP
4867209cb29b56b92893d7bde3ce8012,1,0,150.0,4.0,0.0,jau,SP
e1c76f339ebd5460999f25a2aa8c92c5,1,0,899.9,5.0,0.0,sao paulo,SP
6c77cd583b36a13aacccf2b3ee23e233,1,0,18.9,5.0,0.0,marilia,SP
baeda7047354773262ba2405f97038ba,1,0,35.0,5.0,0.0,americana,SP
f9bbdd976532d50b7816d285a22bd01e,2,0,268.0,5.0,0.0,sao paulo,SP
5bf397d04035b5f45cc41e82ec106803,3,0,1525.0,4.33,0.0,sao paulo,SP
8cb7c5ddf41f4d506eba76e9a4702a25,1,0,69.0,5.0,0.0,anapolis,GO
41958cbd3335433c8740300e8cd600d5,1,0,32.99,5.0,0.0,sao paulo,SP
05ca864204d09595ae591b93ea9cf93d,1,1,179.9,5.0,1.0,barueri,SP
e908c0f3646e8b60375734a350d95d71,1,0,2951.0,4.0,0.0,sao paulo,SP
e88f7a2995ba184710d339c5c4bf2e30,2,0,251.6,5.0,0.0,votuporanga,SP
3c88ed2e76a2247933a15daa7161eb1c,1,0,155.0,5.0,0.0,cosmopolis,SP
04ee0ec01589969663ba5967c0e0bdc0,1,0,289.49,5.0,0.0,lajeado,RS
38f276ca6e7cc95a6d1bb55ac9e5550f,1,0,24.99,5.0,0.0,marilia,SP
6d04126aba80df143fd038e711b8fd96,1,1,89.99,1.0,1.0,rio de janeiro,RJ
70c0fda4c313d87115644d39e62eec60,1,0,25.99,5.0,0.0,caruaru,PE
feb793c88d836c3a75efa4b5a3465d70,1,0,466.0,5.0,0.0,sao paulo,SP
05aebce0b5c8f0d41b29b686f2d05fd3,2,1,74.99,5.0,0.5,sao paulo,SP
1fe61aa5494bd3ae92a2c13e067c810f,1,0,537.76,4.0,0.0,santa cecilia,SC
93bef6edaa84956e8e575016449b6351,1,0,115.0,5.0,0.0,sao paulo,SP
7994081388d55b9cf976c050653dd359,1,0,120.0,5.0,0.0,sao paulo,SP
ce4755084bc097113867e6454f8f5e52,1,0,18.9,5.0,0.0,ribeirao preto,SP
aa2640d851ec322526f1295bbeb20092,1,0,159.98,3.0,0.0,sao paulo,SP
751e274377499a8503fd6243ad9c56f6,1,0,218.0,5.0,0.0,campinas,SP
a89e143d5211473ae18db9577ee34b64,1,0,70.0,5.0,0.0,limeira,SP
cb810bd318f51b3dc3c753944d61a1fa,1,0,1750.0,4.0,0.0,niteroi,RJ
0f519b0d2e5eb2227c93dd25038bfc01,1,0,79.9,5.0,0.0,ibitinga,SP
9140ef75cc8211c4035935e80e567204,1,0,49.9,5.0,0.0,maringa,PR
8eb88b0acb3f90a717ad659221471fa7,2,0,119.8,4.5,0.0,cacador,SC
d4828feed4cda2cd9d6b37899a95a71e,1,0,39.9,2.0,0.0,juzeiro do norte,CE
26562f211dd1364af2a8596dc945e8ae,2,0,99.0,5.0,0.0,sao bernardo do campo,SP
3b18f9856c6eb2413eafedb58e9eecd9,1,0,315.0,5.0,0.0,santo andre,SP
cd233f8bfa30ebfd651f47ee7d054951,1,0,79.9,5.0,0.0,birigui,SP
fc5a0d7a310a7a41abf86a458585ff2b,1,0,117.9,4.0,0.0,sao paulo,SP
f524ad65d7e0f1daab730ef2d2e86196,1,1,578.0,1.0,1.0,soledade,RS
ad8b531ae67582f096925cff5630d0d1,2,0,198.45,4.0,0.0,castro,PR
cc1f04647be106ba74e62b21f358af25,1,0,11.9,1.0,0.0,sao paulo,SP
8de8fe3af4449ed695d2434c933ed73e,1,0,2090.0,5.0,0.0,sao paulo,SP
ad14615bdd492b01b0d97922e87cb87f,1,0,8.25,5.0,0.0,tubarao,SC
20d53aad4fe5ee93a64f8839609d3586,1,1,14.5,1.0,1.0,santa rita do sapucai,MG
651530bf5c607240ccdd89a30c9c9712,1,0,199.9,4.0,0.0,ipira,BA
dd9661d3cda1e6feb237f0c4d8b26f2e,1,0,174.0,5.0,0.0,campos novos,SC
e546117ed9cafbc40239c0c78635c584,2,0,456.0,4.5,0.0,sao paulo,SP
62de60d81c55c29d76a6bce418b31cef,1,0,103.0,4.0,0.0,ibitinga,SP
aadfe0417e61315688b6bd7043361e25,1,0,289.9,4.0,0.0,goiania,GO
aa8af66c623d7d544dfe4bb85b5ebe3b,1,0,99.0,5.0,0.0,betim,MG
8b181ee5518df84f18f4e1a43fe07923,1,0,27.9,5.0,0.0,goioere,SP
fedaedd3ca31d56ab33e92035e4b361c,1,0,39.9,4.0,0.0,niteroi,RJ
14f2b3587172b9db894c9bad8dab520b,2,0,244.0,2.5,0.0,ipe,RS
c52c644cc0dc85121207a27013efc6af,1,0,397.8,5.0,0.0,tiradentes,MG
781a66c0d89e30814d49fe8b5e14cd07,1,1,115.0,1.0,1.0,campinas,SP
8ec76bb0965af3f007692b26fa9d6623,1,0,1999.0,5.0,0.0,criciuma,SC
c13ef0cfbe42f190780f621ce81f2234,1,1,390.0,3.0,1.0,sao paulo sp,SP
bb3dca718920a4d7ec3cc9ffb025108b,2,0,108.0,3.0,0.0,sao paulo,SP
028872bfa080090a9d0abd4f1af168f8,1,0,70.5,5.0,0.0,ribeirao das neves,MG
08d1c9478fb0d7d7fcac9c0da4e82fc7,1,0,538.0,5.0,0.0,belo horizonte,MG
a150c540f572d0fb53992264bc5c10b5,1,0,119.9,4.0,0.0,sorocaba,SP
43a5d4a57af536fddc96d08be3afdfcb,1,0,75.0,1.0,0.0,varginha,MG
a61cc04793308395a840807104365121,1,0,14.63,5.0,0.0,jarinu,SP
a7ecf689b40a44361e259b28939023e4,1,0,389.0,5.0,0.0,vila velha,ES
b00af24704019bd2e1b335e70ad11f7c,1,0,189.0,5.0,0.0,salvador,BA
712efd3b68f9686dc856b84abd0f21ae,1,0,139.0,4.0,0.0,curitiba,PR
376d67b61dce0c990155286e7ae486a4,1,0,94.0,4.0,0.0,sao paulo,SP
aec99834ab5d38ead22766ada8497e87,1,0,459.0,5.0,0.0,colombo,PR
9e94fa26a70ede4d26226e918e8706a2,1,0,62.8,5.0,0.0,sao carlos,SP
466222e777149751370e7e98fb623b0c,1,0,87.9,5.0,0.0,rio de janeiro,RJ
fc6295add6f51a0936407ead70c1001d,1,0,160.0,1.0,0.0,sao paulo,SP
933446e9a59dece7ae9175103820ca8f,1,0,64.99,5.0,0.0,curitiba,PR
5bba18b40e8c973b0f32e748004775b0,1,0,739.98,5.0,0.0,itajobi,SP
d1a5cc844736958c11b8efab9a2b4c87,1,1,237.6,1.0,1.0,curitiba,PR
8fd3b4468f6425810648177996c14cbd,1,0,354.9,5.0,0.0,sao jose do rio preto,SP
42d4b7e70819438f5ada61c965e92d7e,1,0,49.6,1.0,0.0,goiania,GO
a56a8043ebf66e42119618fb8cf232c6,1,0,83.0,5.0,0.0,joinville,SC
091065b789659bc3cd9af9cb3a6253ff,2,0,1359.0,3.5,0.0,canoas,RS
269c5fc9fcadee614364c3620c30a1f9,3,1,209.6,5.0,0.3333,guarulhos,SP
ec21206b7894c503788a684a7bc822a6,1,0,75.0,3.0,0.0,armacao dos buzios,RJ
c004e5ea15737026cecaee0447e00b75,1,1,2350.0,1.0,1.0,sao paulo,SP
7a704e63bb29c446869efde5d57524c8,1,0,94.49,5.0,0.0,francisco beltrao,PR
32f83ffe11cd40f7adcf4eef171f52d9,1,0,29.99,5.0,0.0,uruguaiana,RS
4e42581f08e8cfc7c090f930bac4552a,1,1,98.0,1.0,1.0,portoferreira,SP
a09a13f18ed27932d08438aa6f12756e,1,0,29.9,3.0,0.0,sapiranga,RS
d9c349beabc06aa6ff1c6d68b5e9e22e,1,0,168.1,5.0,0.0,sao paulo,SP
6bb66d9870c2e01c05655c7ed0e7ee13,3,0,269.0,3.67,0.0,sao paulo,SP
bac44fa8e13424950488659b5f765c41,1,0,19.9,5.0,0.0,sao paulo,SP
9ac75591b69c3402684b6ce0310f22ee,1,1,60.5,5.0,1.0,sao paulo,SP
b7ba853e9551f4558440881fd3e5c815,1,0,136.9,1.0,0.0,santo antonio da patrulha,RS
299c89a525fee36c567f4fe72f038100,1,0,189.0,3.0,0.0,varzea alegre,CE
ccbd753e6863fe7314dc6c0ca5a074e7,1,0,495.0,4.0,0.0,blumenau,SC
f9f68daa2af419d38f745478bcb3da1a,1,0,11.2,5.0,0.0,sumare,SP
fc0b214b59a83615fea981c6424a02ae,1,0,159.9,5.0,0.0,maua,SP
f00f5b35d0abcacbdd863672f4bb2c1a,1,0,299.0,4.0,0.0,sao paulo,SP
94d76e96eedd976258cd3278ce56d5f2,1,0,385.61,5.0,0.0,sao roque,SP
5e106d93b717c2682b9383da480364a1,1,0,445.9,5.0,0.0,santa terezinha de itaipu,PR
48328ec9a579151d9cc6a86d4a59336c,1,0,1099.0,2.0,0.0,canoas,RS
2f3d8b4c9e2ee165075331fea3f3095a,1,0,130.0,5.0,0.0,sao jose,SC
8cf21434553b02cbd37c0bbd07e041b0,1,0,49.99,4.0,0.0,sao jose,SC
b026643914f651e8371425e5b8a1e780,1,0,27.9,5.0,0.0,rio de janeiro,RJ
d9b00a97818674c7f8d8b1ef0e689679,1,0,69.9,3.0,0.0,ponta grossa,PR
3289d8c3eef4873f91ce0b1343c0dd58,1,0,199.99,5.0,0.0,praia grande,SP
00ab3eff1b5192e5f1a63bcecfee11c8,1,0,98.0,5.0,0.0,sao paulo,SP
bba8d0c234a52b87b3957037a215d1a4,1,0,120.0,5.0,0.0,goiania,GO
720e6cf846ea7572cbb66b743fb91e6c,1,0,54.0,5.0,0.0,mogi das cruzes / sp,SP
ac9b01377919cdbd2a1bbb8d5837c70b,1,0,55.9,3.0,0.0,mogi das cruzes,SP
483ca627d131e18f988349b1655c0acd,1,0,264.0,5.0,0.0,mogi mirim,SP
